start,end,split,dataset_number,user_number,dataset
1632777632.377402,1632777812.617654,train,0,17,discrete_gestures_user_017_dataset_000.hdf5
1632777461.766155,1632777508.347254,train,0,17,discrete_gestures_user_017_dataset_000.hdf5
1632777510.806516,1632777630.82154,train,0,17,discrete_gestures_user_017_dataset_000.hdf5
1632776026.9887853,1632776194.192154,train,0,17,discrete_gestures_user_017_dataset_000.hdf5
1632775856.162311,1632776019.541962,train,0,17,discrete_gestures_user_017_dataset_000.hdf5
1632776385.448827,1632776549.405564,train,0,17,discrete_gestures_user_017_dataset_000.hdf5
1632776202.628015,1632776371.204728,train,0,17,discrete_gestures_user_017_dataset_000.hdf5
1632776591.396575,1632776729.272942,train,0,17,discrete_gestures_user_017_dataset_000.hdf5
1632776772.196159,1632776842.806876,train,0,17,discrete_gestures_user_017_dataset_000.hdf5
1632776850.022543,1632776919.32259,train,0,17,discrete_gestures_user_017_dataset_000.hdf5
1632776933.468405,1632777003.123337,train,0,17,discrete_gestures_user_017_dataset_000.hdf5
1632777278.933397,1632777451.247632,train,0,17,discrete_gestures_user_017_dataset_000.hdf5
1632777083.218784,1632777254.196186,train,0,17,discrete_gestures_user_017_dataset_000.hdf5
1632837766.941728,1632837947.107047,train,0,98,discrete_gestures_user_098_dataset_000.hdf5
1632837598.434392,1632837643.354867,train,0,98,discrete_gestures_user_098_dataset_000.hdf5
1632837645.184991,1632837765.1841857,train,0,98,discrete_gestures_user_098_dataset_000.hdf5
1632836056.044732,1632836214.63058,train,0,98,discrete_gestures_user_098_dataset_000.hdf5
1632836226.255863,1632836394.526593,train,0,98,discrete_gestures_user_098_dataset_000.hdf5
1632836575.884146,1632836736.586503,train,0,98,discrete_gestures_user_098_dataset_000.hdf5
1632836399.252472,1632836564.749723,train,0,98,discrete_gestures_user_098_dataset_000.hdf5
1632836747.73423,1632836890.19758,train,0,98,discrete_gestures_user_098_dataset_000.hdf5
1632836925.385868,1632836992.232452,train,0,98,discrete_gestures_user_098_dataset_000.hdf5
1632836997.281225,1632837066.917473,train,0,98,discrete_gestures_user_098_dataset_000.hdf5
1632837072.545883,1632837140.813078,train,0,98,discrete_gestures_user_098_dataset_000.hdf5
1632837201.36694,1632837371.793165,train,0,98,discrete_gestures_user_098_dataset_000.hdf5
1632837383.119752,1632837550.878125,train,0,98,discrete_gestures_user_098_dataset_000.hdf5
1633010555.85193,1633010736.515244,train,0,44,discrete_gestures_user_044_dataset_000.hdf5
1633010362.247147,1633010412.737244,train,0,44,discrete_gestures_user_044_dataset_000.hdf5
1633010422.4271,1633010542.437433,train,0,44,discrete_gestures_user_044_dataset_000.hdf5
1633008727.798797,1633008900.671532,train,0,44,discrete_gestures_user_044_dataset_000.hdf5
1633009093.2681978,1633009260.977969,train,0,44,discrete_gestures_user_044_dataset_000.hdf5
1633008915.108907,1633009077.656069,train,0,44,discrete_gestures_user_044_dataset_000.hdf5
1633008545.506281,1633008712.970902,train,0,44,discrete_gestures_user_044_dataset_000.hdf5
1633009312.797044,1633009448.279971,train,0,44,discrete_gestures_user_044_dataset_000.hdf5
1633009528.043921,1633009598.881306,train,0,44,discrete_gestures_user_044_dataset_000.hdf5
1633009605.937778,1633009674.031702,train,0,44,discrete_gestures_user_044_dataset_000.hdf5
1633009683.5028517,1633009751.966183,train,0,44,discrete_gestures_user_044_dataset_000.hdf5
1633010127.018942,1633010296.799907,train,0,44,discrete_gestures_user_044_dataset_000.hdf5
1633009890.549101,1633010057.551611,train,0,44,discrete_gestures_user_044_dataset_000.hdf5
1633114812.272265,1633114992.281891,train,0,85,discrete_gestures_user_085_dataset_000.hdf5
1633114628.014587,1633114677.610023,train,0,85,discrete_gestures_user_085_dataset_000.hdf5
1633114688.499943,1633114808.513658,train,0,85,discrete_gestures_user_085_dataset_000.hdf5
1633113390.992821,1633113558.828771,train,0,85,discrete_gestures_user_085_dataset_000.hdf5
1633113033.232044,1633113205.256473,train,0,85,discrete_gestures_user_085_dataset_000.hdf5
1633113212.146041,1633113381.463389,train,0,85,discrete_gestures_user_085_dataset_000.hdf5
1633113574.794251,1633113739.165246,train,0,85,discrete_gestures_user_085_dataset_000.hdf5
1633113779.123132,1633113913.054253,train,0,85,discrete_gestures_user_085_dataset_000.hdf5
1633113958.3526,1633114025.756322,train,0,85,discrete_gestures_user_085_dataset_000.hdf5
1633114039.148652,1633114106.181566,train,0,85,discrete_gestures_user_085_dataset_000.hdf5
1633114124.266619,1633114190.654358,train,0,85,discrete_gestures_user_085_dataset_000.hdf5
1633114443.888099,1633114614.4947317,train,0,85,discrete_gestures_user_085_dataset_000.hdf5
1633114258.7010372,1633114429.444574,train,0,85,discrete_gestures_user_085_dataset_000.hdf5
1633450198.993774,1633450379.58816,train,0,83,discrete_gestures_user_083_dataset_000.hdf5
1633450013.022538,1633450059.098495,train,0,83,discrete_gestures_user_083_dataset_000.hdf5
1633450069.775769,1633450189.781259,train,0,83,discrete_gestures_user_083_dataset_000.hdf5
1633448787.13865,1633448952.953287,train,0,83,discrete_gestures_user_083_dataset_000.hdf5
1633448270.787418,1633448438.101831,train,0,83,discrete_gestures_user_083_dataset_000.hdf5
1633448613.85008,1633448781.258864,train,0,83,discrete_gestures_user_083_dataset_000.hdf5
1633448442.1373577,1633448608.772167,train,0,83,discrete_gestures_user_083_dataset_000.hdf5
1633448991.001531,1633449131.050776,train,0,83,discrete_gestures_user_083_dataset_000.hdf5
1633449205.999368,1633449273.550603,train,0,83,discrete_gestures_user_083_dataset_000.hdf5
1633449276.153358,1633449346.164094,train,0,83,discrete_gestures_user_083_dataset_000.hdf5
1633449348.94169,1633449417.814236,train,0,83,discrete_gestures_user_083_dataset_000.hdf5
1633449550.182099,1633449718.666059,train,0,83,discrete_gestures_user_083_dataset_000.hdf5
1633449775.597496,1633449945.23171,train,0,83,discrete_gestures_user_083_dataset_000.hdf5
1633460203.985086,1633460384.00476,train,0,80,discrete_gestures_user_080_dataset_000.hdf5
1633459876.6360767,1633459933.43618,train,0,80,discrete_gestures_user_080_dataset_000.hdf5
1633459979.76882,1633460099.781536,train,0,80,discrete_gestures_user_080_dataset_000.hdf5
1633458547.212167,1633458716.509349,train,0,80,discrete_gestures_user_080_dataset_000.hdf5
1633458204.503643,1633458364.960758,train,0,80,discrete_gestures_user_080_dataset_000.hdf5
1633458371.881816,1633458538.952422,train,0,80,discrete_gestures_user_080_dataset_000.hdf5
1633458032.576729,1633458194.258737,train,0,80,discrete_gestures_user_080_dataset_000.hdf5
1633458780.026366,1633458914.789675,train,0,80,discrete_gestures_user_080_dataset_000.hdf5
1633458999.106235,1633459066.691406,train,0,80,discrete_gestures_user_080_dataset_000.hdf5
1633459073.17653,1633459140.960006,train,0,80,discrete_gestures_user_080_dataset_000.hdf5
1633459145.011429,1633459213.077397,train,0,80,discrete_gestures_user_080_dataset_000.hdf5
1633459388.01037,1633459555.800318,train,0,80,discrete_gestures_user_080_dataset_000.hdf5
1633459616.8216882,1633459786.2488303,train,0,80,discrete_gestures_user_080_dataset_000.hdf5
1633544512.922702,1633544693.728427,train,0,8,discrete_gestures_user_008_dataset_000.hdf5
1633544318.112462,1633544366.008957,train,0,8,discrete_gestures_user_008_dataset_000.hdf5
1633544374.473615,1633544494.484655,train,0,8,discrete_gestures_user_008_dataset_000.hdf5
1633542781.989071,1633542947.165662,train,0,8,discrete_gestures_user_008_dataset_000.hdf5
1633543136.711647,1633543300.106744,train,0,8,discrete_gestures_user_008_dataset_000.hdf5
1633542603.9068701,1633542767.795882,train,0,8,discrete_gestures_user_008_dataset_000.hdf5
1633542958.554171,1633543123.785186,train,0,8,discrete_gestures_user_008_dataset_000.hdf5
1633543358.360998,1633543495.350985,train,0,8,discrete_gestures_user_008_dataset_000.hdf5
1633543567.038266,1633543633.386938,train,0,8,discrete_gestures_user_008_dataset_000.hdf5
1633543645.602831,1633543715.6060271,train,0,8,discrete_gestures_user_008_dataset_000.hdf5
1633543729.204209,1633543797.307768,train,0,8,discrete_gestures_user_008_dataset_000.hdf5
1633543883.610482,1633544053.736133,train,0,8,discrete_gestures_user_008_dataset_000.hdf5
1633544090.676246,1633544258.805606,train,0,8,discrete_gestures_user_008_dataset_000.hdf5
1633552244.860275,1633552425.5782893,train,0,31,discrete_gestures_user_031_dataset_000.hdf5
1633552067.958573,1633552118.330138,train,0,31,discrete_gestures_user_031_dataset_000.hdf5
1633552120.589265,1633552240.604673,train,0,31,discrete_gestures_user_031_dataset_000.hdf5
1633550485.376102,1633550646.307114,train,0,31,discrete_gestures_user_031_dataset_000.hdf5
1633550309.583725,1633550475.576091,train,0,31,discrete_gestures_user_031_dataset_000.hdf5
1633550656.454706,1633550821.500366,train,0,31,discrete_gestures_user_031_dataset_000.hdf5
1633550827.356122,1633550992.526878,train,0,31,discrete_gestures_user_031_dataset_000.hdf5
1633551032.450336,1633551171.295699,train,0,31,discrete_gestures_user_031_dataset_000.hdf5
1633551253.024188,1633551321.413391,train,0,31,discrete_gestures_user_031_dataset_000.hdf5
1633551326.916399,1633551392.218416,train,0,31,discrete_gestures_user_031_dataset_000.hdf5
1633551398.749294,1633551467.984244,train,0,31,discrete_gestures_user_031_dataset_000.hdf5
1633551607.659515,1633551779.887366,train,0,31,discrete_gestures_user_031_dataset_000.hdf5
1633551836.808736,1633552007.6003578,train,0,31,discrete_gestures_user_031_dataset_000.hdf5
1634047254.620932,1634047435.3290718,train,0,70,discrete_gestures_user_070_dataset_000.hdf5
1634047074.892604,1634047125.551051,train,0,70,discrete_gestures_user_070_dataset_000.hdf5
1634047130.2158778,1634047250.221886,train,0,70,discrete_gestures_user_070_dataset_000.hdf5
1634045177.860466,1634045343.411294,train,0,70,discrete_gestures_user_070_dataset_000.hdf5
1634045350.041214,1634045513.918705,train,0,70,discrete_gestures_user_070_dataset_000.hdf5
1634045521.753118,1634045685.636276,train,0,70,discrete_gestures_user_070_dataset_000.hdf5
1634045001.396523,1634045169.487971,train,0,70,discrete_gestures_user_070_dataset_000.hdf5
1634045724.853659,1634045855.138196,train,0,70,discrete_gestures_user_070_dataset_000.hdf5
1634045943.678471,1634046010.940104,train,0,70,discrete_gestures_user_070_dataset_000.hdf5
1634046023.527203,1634046093.651746,train,0,70,discrete_gestures_user_070_dataset_000.hdf5
1634046106.487264,1634046175.732525,train,0,70,discrete_gestures_user_070_dataset_000.hdf5
1634046584.867667,1634046753.473814,train,0,70,discrete_gestures_user_070_dataset_000.hdf5
1634046840.703476,1634047010.390093,train,0,70,discrete_gestures_user_070_dataset_000.hdf5
1634220304.079079,1634220484.720215,train,0,51,discrete_gestures_user_051_dataset_000.hdf5
1634220105.888846,1634220156.742395,train,0,51,discrete_gestures_user_051_dataset_000.hdf5
1634220179.86194,1634220299.8671029,train,0,51,discrete_gestures_user_051_dataset_000.hdf5
1634218274.201485,1634218441.305196,train,0,51,discrete_gestures_user_051_dataset_000.hdf5
1634218089.880836,1634218256.79171,train,0,51,discrete_gestures_user_051_dataset_000.hdf5
1634218454.291482,1634218619.721063,train,0,51,discrete_gestures_user_051_dataset_000.hdf5
1634217916.536076,1634218082.526082,train,0,51,discrete_gestures_user_051_dataset_000.hdf5
1634218662.690694,1634218796.768158,train,0,51,discrete_gestures_user_051_dataset_000.hdf5
1634218897.887646,1634218966.066641,train,0,51,discrete_gestures_user_051_dataset_000.hdf5
1634218977.113512,1634219044.7559848,train,0,51,discrete_gestures_user_051_dataset_000.hdf5
1634219053.851386,1634219123.854042,train,0,51,discrete_gestures_user_051_dataset_000.hdf5
1634219850.945718,1634220020.37568,train,0,51,discrete_gestures_user_051_dataset_000.hdf5
1634219612.828618,1634219779.497508,train,0,51,discrete_gestures_user_051_dataset_000.hdf5
1634329609.019607,1634329789.255552,train,0,75,discrete_gestures_user_075_dataset_000.hdf5
1634329426.312253,1634329478.42053,train,0,75,discrete_gestures_user_075_dataset_000.hdf5
1634329485.044821,1634329605.0565708,train,0,75,discrete_gestures_user_075_dataset_000.hdf5
1634327347.0577269,1634327509.540275,train,0,75,discrete_gestures_user_075_dataset_000.hdf5
1634327704.098946,1634327870.793121,train,0,75,discrete_gestures_user_075_dataset_000.hdf5
1634327523.017027,1634327695.421732,train,0,75,discrete_gestures_user_075_dataset_000.hdf5
1634327877.707644,1634328043.014571,train,0,75,discrete_gestures_user_075_dataset_000.hdf5
1634328086.550893,1634328219.791252,train,0,75,discrete_gestures_user_075_dataset_000.hdf5
1634328305.878418,1634328371.400317,train,0,75,discrete_gestures_user_075_dataset_000.hdf5
1634328378.838576,1634328445.301764,train,0,75,discrete_gestures_user_075_dataset_000.hdf5
1634328453.329648,1634328518.504153,train,0,75,discrete_gestures_user_075_dataset_000.hdf5
1634329185.031669,1634329353.998524,train,0,75,discrete_gestures_user_075_dataset_000.hdf5
1634328941.499266,1634329113.986968,train,0,75,discrete_gestures_user_075_dataset_000.hdf5
1634652241.979036,1634652422.122185,train,0,23,discrete_gestures_user_023_dataset_000.hdf5
1634652045.961524,1634652094.099023,train,0,23,discrete_gestures_user_023_dataset_000.hdf5
1634652119.546722,1634652239.560839,train,0,23,discrete_gestures_user_023_dataset_000.hdf5
1634650450.185549,1634650617.364238,train,0,23,discrete_gestures_user_023_dataset_000.hdf5
1634650091.237222,1634650261.755552,train,0,23,discrete_gestures_user_023_dataset_000.hdf5
1634650274.49271,1634650439.009609,train,0,23,discrete_gestures_user_023_dataset_000.hdf5
1634649910.729128,1634650077.7688022,train,0,23,discrete_gestures_user_023_dataset_000.hdf5
1634650664.044075,1634650806.205309,train,0,23,discrete_gestures_user_023_dataset_000.hdf5
1634650898.090158,1634650964.508897,train,0,23,discrete_gestures_user_023_dataset_000.hdf5
1634650975.2736104,1634651045.776532,train,0,23,discrete_gestures_user_023_dataset_000.hdf5
1634651063.757168,1634651130.745642,train,0,23,discrete_gestures_user_023_dataset_000.hdf5
1634651810.423105,1634651980.993811,train,0,23,discrete_gestures_user_023_dataset_000.hdf5
1634651532.646337,1634651702.339331,train,0,23,discrete_gestures_user_023_dataset_000.hdf5
1634658379.285708,1634658560.053231,train,0,88,discrete_gestures_user_088_dataset_000.hdf5
1634658200.080242,1634658249.215779,train,0,88,discrete_gestures_user_088_dataset_000.hdf5
1634658253.441756,1634658373.451709,train,0,88,discrete_gestures_user_088_dataset_000.hdf5
1634656675.7979703,1634656842.458864,train,0,88,discrete_gestures_user_088_dataset_000.hdf5
1634656500.927518,1634656662.904893,train,0,88,discrete_gestures_user_088_dataset_000.hdf5
1634656310.333915,1634656477.818806,train,0,88,discrete_gestures_user_088_dataset_000.hdf5
1634656123.622549,1634656292.29882,train,0,88,discrete_gestures_user_088_dataset_000.hdf5
1634656886.67809,1634657026.310889,train,0,88,discrete_gestures_user_088_dataset_000.hdf5
1634657115.25609,1634657183.513847,train,0,88,discrete_gestures_user_088_dataset_000.hdf5
1634657197.29285,1634657269.832816,train,0,88,discrete_gestures_user_088_dataset_000.hdf5
1634657284.205763,1634657351.616411,train,0,88,discrete_gestures_user_088_dataset_000.hdf5
1634657963.116941,1634658133.730245,train,0,88,discrete_gestures_user_088_dataset_000.hdf5
1634657721.965389,1634657890.793388,train,0,88,discrete_gestures_user_088_dataset_000.hdf5
1634912273.878416,1634912461.100262,train,0,18,discrete_gestures_user_018_dataset_000.hdf5
1634912088.074105,1634912138.316681,train,0,18,discrete_gestures_user_018_dataset_000.hdf5
1634912147.515338,1634912267.529728,train,0,18,discrete_gestures_user_018_dataset_000.hdf5
1634910504.017614,1634910670.7099657,train,0,18,discrete_gestures_user_018_dataset_000.hdf5
1634909962.040387,1634910128.795317,train,0,18,discrete_gestures_user_018_dataset_000.hdf5
1634910324.416835,1634910487.730235,train,0,18,discrete_gestures_user_018_dataset_000.hdf5
1634910139.124863,1634910305.732487,train,0,18,discrete_gestures_user_018_dataset_000.hdf5
1634910722.888133,1634910856.419757,train,0,18,discrete_gestures_user_018_dataset_000.hdf5
1634910946.50875,1634911013.971908,train,0,18,discrete_gestures_user_018_dataset_000.hdf5
1634911024.210167,1634911091.158188,train,0,18,discrete_gestures_user_018_dataset_000.hdf5
1634911101.122336,1634911168.708898,train,0,18,discrete_gestures_user_018_dataset_000.hdf5
1634911612.547489,1634911783.255208,train,0,18,discrete_gestures_user_018_dataset_000.hdf5
1634911849.011218,1634912020.662297,train,0,18,discrete_gestures_user_018_dataset_000.hdf5
1634929712.173522,1634929892.435321,train,0,79,discrete_gestures_user_079_dataset_000.hdf5
1634929534.766953,1634929584.339649,train,0,79,discrete_gestures_user_079_dataset_000.hdf5
1634929586.787813,1634929706.791567,train,0,79,discrete_gestures_user_079_dataset_000.hdf5
1634927900.277257,1634928064.910592,train,0,79,discrete_gestures_user_079_dataset_000.hdf5
1634928074.8702898,1634928237.860048,train,0,79,discrete_gestures_user_079_dataset_000.hdf5
1634927712.361115,1634927880.5209181,train,0,79,discrete_gestures_user_079_dataset_000.hdf5
1634927535.761302,1634927700.2459211,train,0,79,discrete_gestures_user_079_dataset_000.hdf5
1634928278.029129,1634928416.311118,train,0,79,discrete_gestures_user_079_dataset_000.hdf5
1634928495.430932,1634928565.883485,train,0,79,discrete_gestures_user_079_dataset_000.hdf5
1634928575.843131,1634928643.551772,train,0,79,discrete_gestures_user_079_dataset_000.hdf5
1634928649.563971,1634928718.275466,train,0,79,discrete_gestures_user_079_dataset_000.hdf5
1634929107.003112,1634929275.2426748,train,0,79,discrete_gestures_user_079_dataset_000.hdf5
1634929304.768295,1634929472.144629,train,0,79,discrete_gestures_user_079_dataset_000.hdf5
1634935081.525516,1634935262.324777,train,0,81,discrete_gestures_user_081_dataset_000.hdf5
1634934894.608496,1634934943.561458,train,0,81,discrete_gestures_user_081_dataset_000.hdf5
1634934945.7096431,1634935065.712609,train,0,81,discrete_gestures_user_081_dataset_000.hdf5
1634933159.206376,1634933325.541928,train,0,81,discrete_gestures_user_081_dataset_000.hdf5
1634932985.418279,1634933155.63494,train,0,81,discrete_gestures_user_081_dataset_000.hdf5
1634933498.522083,1634933667.734932,train,0,81,discrete_gestures_user_081_dataset_000.hdf5
1634933329.755948,1634933494.366755,train,0,81,discrete_gestures_user_081_dataset_000.hdf5
1634933699.534407,1634933835.35753,train,0,81,discrete_gestures_user_081_dataset_000.hdf5
1634933891.749664,1634933957.055169,train,0,81,discrete_gestures_user_081_dataset_000.hdf5
1634933962.626628,1634934030.063377,train,0,81,discrete_gestures_user_081_dataset_000.hdf5
1634934034.741244,1634934099.151453,train,0,81,discrete_gestures_user_081_dataset_000.hdf5
1634934481.261528,1634934653.307568,train,0,81,discrete_gestures_user_081_dataset_000.hdf5
1634934674.664935,1634934846.963001,train,0,81,discrete_gestures_user_081_dataset_000.hdf5
1641917883.354382,1641918063.382994,train,0,12,discrete_gestures_user_012_dataset_000.hdf5
1641917688.888646,1641917739.358814,train,0,12,discrete_gestures_user_012_dataset_000.hdf5
1641917754.585512,1641917874.624997,train,0,12,discrete_gestures_user_012_dataset_000.hdf5
1641915576.359755,1641915740.224674,train,0,12,discrete_gestures_user_012_dataset_000.hdf5
1641916097.022417,1641916258.530172,train,0,12,discrete_gestures_user_012_dataset_000.hdf5
1641915749.2607412,1641915912.832364,train,0,12,discrete_gestures_user_012_dataset_000.hdf5
1641915921.072005,1641916083.601293,train,0,12,discrete_gestures_user_012_dataset_000.hdf5
1641916324.2695243,1641916456.6213,train,0,12,discrete_gestures_user_012_dataset_000.hdf5
1641916555.156986,1641916623.022129,train,0,12,discrete_gestures_user_012_dataset_000.hdf5
1641916635.813713,1641916704.723615,train,0,12,discrete_gestures_user_012_dataset_000.hdf5
1641916711.159109,1641916780.6543128,train,0,12,discrete_gestures_user_012_dataset_000.hdf5
1641917241.618151,1641917411.100944,train,0,12,discrete_gestures_user_012_dataset_000.hdf5
1641917463.983133,1641917634.545707,train,0,12,discrete_gestures_user_012_dataset_000.hdf5
1641929630.78658,1641929811.350626,train,0,57,discrete_gestures_user_057_dataset_000.hdf5
1641929454.722862,1641929500.353943,train,0,57,discrete_gestures_user_057_dataset_000.hdf5
1641929505.987273,1641929625.998329,train,0,57,discrete_gestures_user_057_dataset_000.hdf5
1641927360.687412,1641927527.644984,train,0,57,discrete_gestures_user_057_dataset_000.hdf5
1641927543.914432,1641927707.3339393,train,0,57,discrete_gestures_user_057_dataset_000.hdf5
1641927716.858875,1641927882.971791,train,0,57,discrete_gestures_user_057_dataset_000.hdf5
1641927890.215712,1641928055.162346,train,0,57,discrete_gestures_user_057_dataset_000.hdf5
1641928094.829398,1641928233.19906,train,0,57,discrete_gestures_user_057_dataset_000.hdf5
1641928309.826764,1641928377.73492,train,0,57,discrete_gestures_user_057_dataset_000.hdf5
1641928385.858939,1641928454.102907,train,0,57,discrete_gestures_user_057_dataset_000.hdf5
1641928467.104879,1641928535.555221,train,0,57,discrete_gestures_user_057_dataset_000.hdf5
1641928993.748444,1641929163.418391,train,0,57,discrete_gestures_user_057_dataset_000.hdf5
1641929219.628159,1641929388.641161,train,0,57,discrete_gestures_user_057_dataset_000.hdf5
1641930143.193678,1641930323.320718,train,0,63,discrete_gestures_user_063_dataset_000.hdf5
1641929948.443522,1641930005.877458,train,0,63,discrete_gestures_user_063_dataset_000.hdf5
1641930016.670487,1641930136.682358,train,0,63,discrete_gestures_user_063_dataset_000.hdf5
1641927718.801364,1641927881.467597,train,0,63,discrete_gestures_user_063_dataset_000.hdf5
1641928236.535209,1641928396.558516,train,0,63,discrete_gestures_user_063_dataset_000.hdf5
1641927889.659676,1641928051.738157,train,0,63,discrete_gestures_user_063_dataset_000.hdf5
1641928060.731824,1641928228.187239,train,0,63,discrete_gestures_user_063_dataset_000.hdf5
1641928471.575168,1641928605.83805,train,0,63,discrete_gestures_user_063_dataset_000.hdf5
1641928733.8818,1641928799.891016,train,0,63,discrete_gestures_user_063_dataset_000.hdf5
1641928809.870758,1641928879.355173,train,0,63,discrete_gestures_user_063_dataset_000.hdf5
1641928886.368265,1641928956.337057,train,0,63,discrete_gestures_user_063_dataset_000.hdf5
1641929709.586347,1641929880.026022,train,0,63,discrete_gestures_user_063_dataset_000.hdf5
1641929468.743019,1641929637.83677,train,0,63,discrete_gestures_user_063_dataset_000.hdf5
1642001261.209811,1642001441.218105,train,0,43,discrete_gestures_user_043_dataset_000.hdf5
1642001079.06204,1642001129.041009,train,0,43,discrete_gestures_user_043_dataset_000.hdf5
1642001131.73603,1642001251.712757,train,0,43,discrete_gestures_user_043_dataset_000.hdf5
1641999774.224122,1641999935.77502,train,0,43,discrete_gestures_user_043_dataset_000.hdf5
1641999423.362341,1641999593.808169,train,0,43,discrete_gestures_user_043_dataset_000.hdf5
1641999252.987408,1641999416.4906318,train,0,43,discrete_gestures_user_043_dataset_000.hdf5
1641999600.339435,1641999767.841176,train,0,43,discrete_gestures_user_043_dataset_000.hdf5
1641999963.469697,1642000101.459531,train,0,43,discrete_gestures_user_043_dataset_000.hdf5
1642000154.992219,1642000222.167296,train,0,43,discrete_gestures_user_043_dataset_000.hdf5
1642000229.454705,1642000301.64885,train,0,43,discrete_gestures_user_043_dataset_000.hdf5
1642000309.52688,1642000378.0018728,train,0,43,discrete_gestures_user_043_dataset_000.hdf5
1642000698.759163,1642000869.815611,train,0,43,discrete_gestures_user_043_dataset_000.hdf5
1642000892.979827,1642001063.854395,train,0,43,discrete_gestures_user_043_dataset_000.hdf5
1642003477.412221,1642003657.811615,train,0,47,discrete_gestures_user_047_dataset_000.hdf5
1642003300.058625,1642003352.443322,train,0,47,discrete_gestures_user_047_dataset_000.hdf5
1642003354.585954,1642003474.604327,train,0,47,discrete_gestures_user_047_dataset_000.hdf5
1642001483.413764,1642001648.320622,train,0,47,discrete_gestures_user_047_dataset_000.hdf5
1642001833.206066,1642001997.889723,train,0,47,discrete_gestures_user_047_dataset_000.hdf5
1642001655.812554,1642001824.087189,train,0,47,discrete_gestures_user_047_dataset_000.hdf5
1642002006.355146,1642002170.607268,train,0,47,discrete_gestures_user_047_dataset_000.hdf5
1642002198.22193,1642002334.4991927,train,0,47,discrete_gestures_user_047_dataset_000.hdf5
1642002393.420144,1642002460.281698,train,0,47,discrete_gestures_user_047_dataset_000.hdf5
1642002468.024489,1642002538.9465501,train,0,47,discrete_gestures_user_047_dataset_000.hdf5
1642002548.293901,1642002619.70966,train,0,47,discrete_gestures_user_047_dataset_000.hdf5
1642002933.54661,1642003103.356596,train,0,47,discrete_gestures_user_047_dataset_000.hdf5
1642003118.47034,1642003289.931956,train,0,47,discrete_gestures_user_047_dataset_000.hdf5
1642087655.391382,1642087835.404859,train,0,45,discrete_gestures_user_045_dataset_000.hdf5
1642087467.692495,1642087517.772599,train,0,45,discrete_gestures_user_045_dataset_000.hdf5
1642087530.227503,1642087650.241902,train,0,45,discrete_gestures_user_045_dataset_000.hdf5
1642085472.939807,1642085638.648527,train,0,45,discrete_gestures_user_045_dataset_000.hdf5
1642085830.309476,1642085998.238848,train,0,45,discrete_gestures_user_045_dataset_000.hdf5
1642085651.4207113,1642085817.927925,train,0,45,discrete_gestures_user_045_dataset_000.hdf5
1642086008.205924,1642086177.663303,train,0,45,discrete_gestures_user_045_dataset_000.hdf5
1642086222.853272,1642086348.925951,train,0,45,discrete_gestures_user_045_dataset_000.hdf5
1642086439.069728,1642086506.041974,train,0,45,discrete_gestures_user_045_dataset_000.hdf5
1642086515.338471,1642086581.7678437,train,0,45,discrete_gestures_user_045_dataset_000.hdf5
1642086589.903177,1642086657.308693,train,0,45,discrete_gestures_user_045_dataset_000.hdf5
1642087231.480847,1642087399.324339,train,0,45,discrete_gestures_user_045_dataset_000.hdf5
1642087036.932565,1642087206.845823,train,0,45,discrete_gestures_user_045_dataset_000.hdf5
1642605469.948387,1642605649.960027,train,0,16,discrete_gestures_user_016_dataset_000.hdf5
1642605286.736805,1642605336.854038,train,0,16,discrete_gestures_user_016_dataset_000.hdf5
1642605346.160963,1642605466.166567,train,0,16,discrete_gestures_user_016_dataset_000.hdf5
1642603462.594405,1642603630.930869,train,0,16,discrete_gestures_user_016_dataset_000.hdf5
1642603635.334346,1642603799.769244,train,0,16,discrete_gestures_user_016_dataset_000.hdf5
1642603804.040854,1642603967.956961,train,0,16,discrete_gestures_user_016_dataset_000.hdf5
1642603289.859832,1642603457.046335,train,0,16,discrete_gestures_user_016_dataset_000.hdf5
1642604006.170011,1642604143.707615,train,0,16,discrete_gestures_user_016_dataset_000.hdf5
1642604230.417067,1642604297.538959,train,0,16,discrete_gestures_user_016_dataset_000.hdf5
1642604301.558235,1642604368.37494,train,0,16,discrete_gestures_user_016_dataset_000.hdf5
1642604373.060186,1642604440.959856,train,0,16,discrete_gestures_user_016_dataset_000.hdf5
1642605047.219465,1642605214.313722,train,0,16,discrete_gestures_user_016_dataset_000.hdf5
1642604811.539584,1642604978.320862,train,0,16,discrete_gestures_user_016_dataset_000.hdf5
1642606011.472922,1642606191.879776,train,0,20,discrete_gestures_user_020_dataset_000.hdf5
1642605831.384173,1642605879.538636,train,0,20,discrete_gestures_user_020_dataset_000.hdf5
1642605886.678061,1642606006.697932,train,0,20,discrete_gestures_user_020_dataset_000.hdf5
1642604337.396843,1642604502.3921988,train,0,20,discrete_gestures_user_020_dataset_000.hdf5
1642603800.247404,1642603961.174835,train,0,20,discrete_gestures_user_020_dataset_000.hdf5
1642603973.413704,1642604148.641336,train,0,20,discrete_gestures_user_020_dataset_000.hdf5
1642604162.647027,1642604329.592123,train,0,20,discrete_gestures_user_020_dataset_000.hdf5
1642604559.013414,1642604696.740319,train,0,20,discrete_gestures_user_020_dataset_000.hdf5
1642604784.913088,1642604852.80696,train,0,20,discrete_gestures_user_020_dataset_000.hdf5
1642604861.8797293,1642604930.35698,train,0,20,discrete_gestures_user_020_dataset_000.hdf5
1642604935.34626,1642605006.440299,train,0,20,discrete_gestures_user_020_dataset_000.hdf5
1642605381.111974,1642605553.641295,train,0,20,discrete_gestures_user_020_dataset_000.hdf5
1642605584.132196,1642605752.260804,train,0,20,discrete_gestures_user_020_dataset_000.hdf5
1642622514.958599,1642622694.95441,train,0,15,discrete_gestures_user_015_dataset_000.hdf5
1642622330.393272,1642622383.451352,train,0,15,discrete_gestures_user_015_dataset_000.hdf5
1642622390.181733,1642622510.179141,train,0,15,discrete_gestures_user_015_dataset_000.hdf5
1642620243.437262,1642620409.8264372,train,0,15,discrete_gestures_user_015_dataset_000.hdf5
1642620789.831758,1642620954.988853,train,0,15,discrete_gestures_user_015_dataset_000.hdf5
1642620428.313013,1642620600.652984,train,0,15,discrete_gestures_user_015_dataset_000.hdf5
1642620614.50292,1642620777.562835,train,0,15,discrete_gestures_user_015_dataset_000.hdf5
1642621000.892936,1642621135.048581,train,0,15,discrete_gestures_user_015_dataset_000.hdf5
1642621232.746715,1642621296.577219,train,0,15,discrete_gestures_user_015_dataset_000.hdf5
1642621305.916638,1642621372.338973,train,0,15,discrete_gestures_user_015_dataset_000.hdf5
1642621382.302916,1642621450.436405,train,0,15,discrete_gestures_user_015_dataset_000.hdf5
1642621863.247919,1642622031.497076,train,0,15,discrete_gestures_user_015_dataset_000.hdf5
1642622094.683594,1642622264.571598,train,0,15,discrete_gestures_user_015_dataset_000.hdf5
1642711282.78493,1642711521.864845,train,0,86,discrete_gestures_user_086_dataset_000.hdf5
1642711104.8834887,1642711152.843408,train,0,86,discrete_gestures_user_086_dataset_000.hdf5
1642711158.555909,1642711278.54909,train,0,86,discrete_gestures_user_086_dataset_000.hdf5
1642709387.252729,1642709554.924701,train,0,86,discrete_gestures_user_086_dataset_000.hdf5
1642709560.381823,1642709728.2840178,train,0,86,discrete_gestures_user_086_dataset_000.hdf5
1642709748.507954,1642709921.026782,train,0,86,discrete_gestures_user_086_dataset_000.hdf5
1642709212.571457,1642709382.397326,train,0,86,discrete_gestures_user_086_dataset_000.hdf5
1642709948.134674,1642710082.122873,train,0,86,discrete_gestures_user_086_dataset_000.hdf5
1642710141.339411,1642710210.073605,train,0,86,discrete_gestures_user_086_dataset_000.hdf5
1642710216.265782,1642710284.010422,train,0,86,discrete_gestures_user_086_dataset_000.hdf5
1642710295.797362,1642710364.198318,train,0,86,discrete_gestures_user_086_dataset_000.hdf5
1642710712.347778,1642710881.422276,train,0,86,discrete_gestures_user_086_dataset_000.hdf5
1642710915.557624,1642711083.199469,train,0,86,discrete_gestures_user_086_dataset_000.hdf5
1643144833.384063,1643145013.389927,train,0,26,discrete_gestures_user_026_dataset_000.hdf5
1643144644.833408,1643144697.567074,train,0,26,discrete_gestures_user_026_dataset_000.hdf5
1643144709.139675,1643144829.15167,train,0,26,discrete_gestures_user_026_dataset_000.hdf5
1643142819.289074,1643142985.1542,train,0,26,discrete_gestures_user_026_dataset_000.hdf5
1643143023.44278,1643143192.624683,train,0,26,discrete_gestures_user_026_dataset_000.hdf5
1643142452.573359,1643142621.1010208,train,0,26,discrete_gestures_user_026_dataset_000.hdf5
1643142638.871678,1643142809.368764,train,0,26,discrete_gestures_user_026_dataset_000.hdf5
1643143231.27895,1643143373.861119,train,0,26,discrete_gestures_user_026_dataset_000.hdf5
1643143491.900681,1643143558.297381,train,0,26,discrete_gestures_user_026_dataset_000.hdf5
1643143577.368717,1643143645.0673053,train,0,26,discrete_gestures_user_026_dataset_000.hdf5
1643143663.141771,1643143734.24045,train,0,26,discrete_gestures_user_026_dataset_000.hdf5
1643144391.277187,1643144562.260041,train,0,26,discrete_gestures_user_026_dataset_000.hdf5
1643144145.15453,1643144313.1046212,train,0,26,discrete_gestures_user_026_dataset_000.hdf5
1643227728.853922,1643227908.863652,train,0,77,discrete_gestures_user_077_dataset_000.hdf5
1643227557.842224,1643227601.976439,train,0,77,discrete_gestures_user_077_dataset_000.hdf5
1643227603.788952,1643227723.80181,train,0,77,discrete_gestures_user_077_dataset_000.hdf5
1643226162.810491,1643226329.311581,train,0,77,discrete_gestures_user_077_dataset_000.hdf5
1643225811.831359,1643225978.349453,train,0,77,discrete_gestures_user_077_dataset_000.hdf5
1643226336.5582407,1643226501.342265,train,0,77,discrete_gestures_user_077_dataset_000.hdf5
1643225982.834386,1643226151.481114,train,0,77,discrete_gestures_user_077_dataset_000.hdf5
1643226516.127377,1643226655.973512,train,0,77,discrete_gestures_user_077_dataset_000.hdf5
1643226694.990652,1643226762.789207,train,0,77,discrete_gestures_user_077_dataset_000.hdf5
1643226769.101144,1643226838.919513,train,0,77,discrete_gestures_user_077_dataset_000.hdf5
1643226845.6361,1643226914.219889,train,0,77,discrete_gestures_user_077_dataset_000.hdf5
1643227375.894015,1643227546.827132,train,0,77,discrete_gestures_user_077_dataset_000.hdf5
1643227196.445704,1643227364.963597,train,0,77,discrete_gestures_user_077_dataset_000.hdf5
1643310751.129891,1643310931.127458,train,0,60,discrete_gestures_user_060_dataset_000.hdf5
1643310563.4386797,1643310616.075144,train,0,60,discrete_gestures_user_060_dataset_000.hdf5
1643310622.138753,1643310742.147206,train,0,60,discrete_gestures_user_060_dataset_000.hdf5
1643308975.82483,1643309144.054776,train,0,60,discrete_gestures_user_060_dataset_000.hdf5
1643308610.995217,1643308781.941376,train,0,60,discrete_gestures_user_060_dataset_000.hdf5
1643308436.375406,1643308601.9797137,train,0,60,discrete_gestures_user_060_dataset_000.hdf5
1643308797.055733,1643308964.433579,train,0,60,discrete_gestures_user_060_dataset_000.hdf5
1643309190.816737,1643309328.387592,train,0,60,discrete_gestures_user_060_dataset_000.hdf5
1643309419.049358,1643309486.240838,train,0,60,discrete_gestures_user_060_dataset_000.hdf5
1643309495.172736,1643309563.861319,train,0,60,discrete_gestures_user_060_dataset_000.hdf5
1643309573.021097,1643309639.986597,train,0,60,discrete_gestures_user_060_dataset_000.hdf5
1643310078.125249,1643310249.459295,train,0,60,discrete_gestures_user_060_dataset_000.hdf5
1643310309.497257,1643310477.930286,train,0,60,discrete_gestures_user_060_dataset_000.hdf5
1643314571.698526,1643314751.701567,train,0,82,discrete_gestures_user_082_dataset_000.hdf5
1643314382.968111,1643314439.869749,train,0,82,discrete_gestures_user_082_dataset_000.hdf5
1643314446.056883,1643314566.068136,train,0,82,discrete_gestures_user_082_dataset_000.hdf5
1643312792.20338,1643312954.21887,train,0,82,discrete_gestures_user_082_dataset_000.hdf5
1643312622.173392,1643312787.05365,train,0,82,discrete_gestures_user_082_dataset_000.hdf5
1643312454.226105,1643312618.250657,train,0,82,discrete_gestures_user_082_dataset_000.hdf5
1643312285.130536,1643312449.925294,train,0,82,discrete_gestures_user_082_dataset_000.hdf5
1643312999.586761,1643313137.575791,train,0,82,discrete_gestures_user_082_dataset_000.hdf5
1643313246.060211,1643313315.542332,train,0,82,discrete_gestures_user_082_dataset_000.hdf5
1643313339.670704,1643313410.9508,train,0,82,discrete_gestures_user_082_dataset_000.hdf5
1643313425.252167,1643313495.740618,train,0,82,discrete_gestures_user_082_dataset_000.hdf5
1643314139.068228,1643314311.234812,train,0,82,discrete_gestures_user_082_dataset_000.hdf5
1643313894.892731,1643314067.093438,train,0,82,discrete_gestures_user_082_dataset_000.hdf5
1643315546.543163,1643315726.55836,train,0,33,discrete_gestures_user_033_dataset_000.hdf5
1643315357.517756,1643315407.682063,train,0,33,discrete_gestures_user_033_dataset_000.hdf5
1643315411.116208,1643315531.124022,train,0,33,discrete_gestures_user_033_dataset_000.hdf5
1643314087.611781,1643314252.516966,train,0,33,discrete_gestures_user_033_dataset_000.hdf5
1643313736.55407,1643313900.197171,train,0,33,discrete_gestures_user_033_dataset_000.hdf5
1643313910.39388,1643314079.015352,train,0,33,discrete_gestures_user_033_dataset_000.hdf5
1643313565.0332422,1643313729.3519669,train,0,33,discrete_gestures_user_033_dataset_000.hdf5
1643314274.754842,1643314418.768408,train,0,33,discrete_gestures_user_033_dataset_000.hdf5
1643314463.5659132,1643314529.220892,train,0,33,discrete_gestures_user_033_dataset_000.hdf5
1643314535.767237,1643314600.304949,train,0,33,discrete_gestures_user_033_dataset_000.hdf5
1643314610.311344,1643314682.272328,train,0,33,discrete_gestures_user_033_dataset_000.hdf5
1643315177.230837,1643315345.663418,train,0,33,discrete_gestures_user_033_dataset_000.hdf5
1643314989.983864,1643315159.694381,train,0,33,discrete_gestures_user_033_dataset_000.hdf5
1643899445.306325,1643899625.323722,train,0,58,discrete_gestures_user_058_dataset_000.hdf5
1643899246.541548,1643899300.464644,train,0,58,discrete_gestures_user_058_dataset_000.hdf5
1643899315.872512,1643899435.889613,train,0,58,discrete_gestures_user_058_dataset_000.hdf5
1643897425.126889,1643897592.754963,train,0,58,discrete_gestures_user_058_dataset_000.hdf5
1643897247.425675,1643897414.08746,train,0,58,discrete_gestures_user_058_dataset_000.hdf5
1643897069.4239638,1643897232.337466,train,0,58,discrete_gestures_user_058_dataset_000.hdf5
1643897601.427217,1643897768.823165,train,0,58,discrete_gestures_user_058_dataset_000.hdf5
1643897850.045472,1643897982.64107,train,0,58,discrete_gestures_user_058_dataset_000.hdf5
1643898083.013358,1643898154.608258,train,0,58,discrete_gestures_user_058_dataset_000.hdf5
1643898174.531271,1643898244.257622,train,0,58,discrete_gestures_user_058_dataset_000.hdf5
1643898253.514354,1643898320.775284,train,0,58,discrete_gestures_user_058_dataset_000.hdf5
1643898999.61895,1643899172.546929,train,0,58,discrete_gestures_user_058_dataset_000.hdf5
1643898757.950712,1643898928.445227,train,0,58,discrete_gestures_user_058_dataset_000.hdf5
1643901190.054841,1643901370.0785007,train,0,49,discrete_gestures_user_049_dataset_000.hdf5
1643901009.287791,1643901059.134809,train,0,49,discrete_gestures_user_049_dataset_000.hdf5
1643901066.524491,1643901186.52723,train,0,49,discrete_gestures_user_049_dataset_000.hdf5
1643899280.814193,1643899448.608178,train,0,49,discrete_gestures_user_049_dataset_000.hdf5
1643899103.457985,1643899270.641095,train,0,49,discrete_gestures_user_049_dataset_000.hdf5
1643898925.263235,1643899091.506177,train,0,49,discrete_gestures_user_049_dataset_000.hdf5
1643899457.880968,1643899626.27689,train,0,49,discrete_gestures_user_049_dataset_000.hdf5
1643899679.116984,1643899810.0032718,train,0,49,discrete_gestures_user_049_dataset_000.hdf5
1643899888.194096,1643899956.088578,train,0,49,discrete_gestures_user_049_dataset_000.hdf5
1643899963.694791,1643900030.189337,train,0,49,discrete_gestures_user_049_dataset_000.hdf5
1643900037.855006,1643900106.536875,train,0,49,discrete_gestures_user_049_dataset_000.hdf5
1643900758.3083122,1643900927.982138,train,0,49,discrete_gestures_user_049_dataset_000.hdf5
1643900519.02779,1643900688.829467,train,0,49,discrete_gestures_user_049_dataset_000.hdf5
1644008415.638314,1644008595.6553648,train,0,87,discrete_gestures_user_087_dataset_000.hdf5
1644008239.622241,1644008290.01716,train,0,87,discrete_gestures_user_087_dataset_000.hdf5
1644008292.559139,1644008412.561054,train,0,87,discrete_gestures_user_087_dataset_000.hdf5
1644006641.072108,1644006809.56351,train,0,87,discrete_gestures_user_087_dataset_000.hdf5
1644006989.232374,1644007156.981739,train,0,87,discrete_gestures_user_087_dataset_000.hdf5
1644006816.0971708,1644006982.514941,train,0,87,discrete_gestures_user_087_dataset_000.hdf5
1644006468.217907,1644006635.5447848,train,0,87,discrete_gestures_user_087_dataset_000.hdf5
1644007169.640232,1644007310.896248,train,0,87,discrete_gestures_user_087_dataset_000.hdf5
1644007358.444005,1644007427.352856,train,0,87,discrete_gestures_user_087_dataset_000.hdf5
1644007433.366721,1644007502.4695702,train,0,87,discrete_gestures_user_087_dataset_000.hdf5
1644007510.638816,1644007576.970072,train,0,87,discrete_gestures_user_087_dataset_000.hdf5
1644007876.615336,1644008044.3769517,train,0,87,discrete_gestures_user_087_dataset_000.hdf5
1644008057.761938,1644008228.654833,train,0,87,discrete_gestures_user_087_dataset_000.hdf5
1644008991.502736,1644009171.509955,train,0,22,discrete_gestures_user_022_dataset_000.hdf5
1644008814.025702,1644008865.239905,train,0,22,discrete_gestures_user_022_dataset_000.hdf5
1644008867.942871,1644008987.985562,train,0,22,discrete_gestures_user_022_dataset_000.hdf5
1644007498.697269,1644007666.517336,train,0,22,discrete_gestures_user_022_dataset_000.hdf5
1644006986.26293,1644007150.014376,train,0,22,discrete_gestures_user_022_dataset_000.hdf5
1644007324.590152,1644007486.677074,train,0,22,discrete_gestures_user_022_dataset_000.hdf5
1644007157.177477,1644007320.10289,train,0,22,discrete_gestures_user_022_dataset_000.hdf5
1644007704.786788,1644007839.669582,train,0,22,discrete_gestures_user_022_dataset_000.hdf5
1644007889.647917,1644007960.552639,train,0,22,discrete_gestures_user_022_dataset_000.hdf5
1644007963.749506,1644008031.139669,train,0,22,discrete_gestures_user_022_dataset_000.hdf5
1644008037.426683,1644008104.109696,train,0,22,discrete_gestures_user_022_dataset_000.hdf5
1644008440.258038,1644008609.96411,train,0,22,discrete_gestures_user_022_dataset_000.hdf5
1644008629.87239,1644008797.4792593,train,0,22,discrete_gestures_user_022_dataset_000.hdf5
1644261778.07557,1644261958.214684,train,0,68,discrete_gestures_user_068_dataset_000.hdf5
1644261585.936121,1644261638.587467,train,0,68,discrete_gestures_user_068_dataset_000.hdf5
1644261654.005858,1644261774.002829,train,0,68,discrete_gestures_user_068_dataset_000.hdf5
1644259956.831669,1644260122.231702,train,0,68,discrete_gestures_user_068_dataset_000.hdf5
1644259602.376777,1644259768.666256,train,0,68,discrete_gestures_user_068_dataset_000.hdf5
1644259417.447094,1644259586.650621,train,0,68,discrete_gestures_user_068_dataset_000.hdf5
1644259779.319584,1644259945.932859,train,0,68,discrete_gestures_user_068_dataset_000.hdf5
1644260197.181336,1644260341.1697059,train,0,68,discrete_gestures_user_068_dataset_000.hdf5
1644260439.3873248,1644260511.019127,train,0,68,discrete_gestures_user_068_dataset_000.hdf5
1644260517.305293,1644260583.168001,train,0,68,discrete_gestures_user_068_dataset_000.hdf5
1644260589.7438312,1644260657.718392,train,0,68,discrete_gestures_user_068_dataset_000.hdf5
1644261102.789742,1644261287.953781,train,0,68,discrete_gestures_user_068_dataset_000.hdf5
1644261347.922177,1644261516.337464,train,0,68,discrete_gestures_user_068_dataset_000.hdf5
1644333488.4882853,1644333669.003804,train,0,27,discrete_gestures_user_027_dataset_000.hdf5
1644333283.490825,1644333336.450904,train,0,27,discrete_gestures_user_027_dataset_000.hdf5
1644333364.029784,1644333484.034505,train,0,27,discrete_gestures_user_027_dataset_000.hdf5
1644331288.899591,1644331454.232811,train,0,27,discrete_gestures_user_027_dataset_000.hdf5
1644331478.49252,1644331643.830577,train,0,27,discrete_gestures_user_027_dataset_000.hdf5
1644331101.217236,1644331270.142531,train,0,27,discrete_gestures_user_027_dataset_000.hdf5
1644331654.948704,1644331820.008862,train,0,27,discrete_gestures_user_027_dataset_000.hdf5
1644331867.058642,1644332007.401702,train,0,27,discrete_gestures_user_027_dataset_000.hdf5
1644332088.377335,1644332156.03623,train,0,27,discrete_gestures_user_027_dataset_000.hdf5
1644332179.687502,1644332247.349027,train,0,27,discrete_gestures_user_027_dataset_000.hdf5
1644332257.096739,1644332323.6265368,train,0,27,discrete_gestures_user_027_dataset_000.hdf5
1644333032.375492,1644333201.997617,train,0,27,discrete_gestures_user_027_dataset_000.hdf5
1644332788.433047,1644332959.407866,train,0,27,discrete_gestures_user_027_dataset_000.hdf5
1644333987.926692,1644334167.9250402,train,0,13,discrete_gestures_user_013_dataset_000.hdf5
1644333803.898234,1644333856.503848,train,0,13,discrete_gestures_user_013_dataset_000.hdf5
1644333863.409476,1644333983.3938,train,0,13,discrete_gestures_user_013_dataset_000.hdf5
1644332073.726629,1644332237.687193,train,0,13,discrete_gestures_user_013_dataset_000.hdf5
1644331896.41161,1644332064.688475,train,0,13,discrete_gestures_user_013_dataset_000.hdf5
1644332250.011068,1644332415.301648,train,0,13,discrete_gestures_user_013_dataset_000.hdf5
1644331728.833904,1644331891.390806,train,0,13,discrete_gestures_user_013_dataset_000.hdf5
1644332454.045371,1644332592.46586,train,0,13,discrete_gestures_user_013_dataset_000.hdf5
1644332678.320409,1644332746.180868,train,0,13,discrete_gestures_user_013_dataset_000.hdf5
1644332752.660337,1644332820.897056,train,0,13,discrete_gestures_user_013_dataset_000.hdf5
1644332830.057501,1644332900.046187,train,0,13,discrete_gestures_user_013_dataset_000.hdf5
1644333339.822511,1644333509.224269,train,0,13,discrete_gestures_user_013_dataset_000.hdf5
1644333567.592621,1644333740.4375,train,0,13,discrete_gestures_user_013_dataset_000.hdf5
1644608276.6935802,1644608456.838956,train,0,52,discrete_gestures_user_052_dataset_000.hdf5
1644608456.845912,1644608496.344349,train,0,52,discrete_gestures_user_052_dataset_000.hdf5
1644608151.786183,1644608271.794119,train,0,52,discrete_gestures_user_052_dataset_000.hdf5
1644606484.251136,1644606579.6988292,train,0,52,discrete_gestures_user_052_dataset_000.hdf5
1644606677.046044,1644606746.881419,train,0,52,discrete_gestures_user_052_dataset_000.hdf5
1644606754.207804,1644606821.014378,train,0,52,discrete_gestures_user_052_dataset_000.hdf5
1644606828.550517,1644606894.394575,train,0,52,discrete_gestures_user_052_dataset_000.hdf5
1644607098.933185,1644607193.570097,train,0,52,discrete_gestures_user_052_dataset_000.hdf5
1644607219.14533,1644607315.434267,train,0,52,discrete_gestures_user_052_dataset_000.hdf5
1644607347.498299,1644607443.362119,train,0,52,discrete_gestures_user_052_dataset_000.hdf5
1644607615.613335,1644608147.836359,train,0,52,discrete_gestures_user_052_dataset_000.hdf5
1644866346.8307729,1644866526.828252,train,0,61,discrete_gestures_user_061_dataset_000.hdf5
1644866526.837738,1644866558.845576,train,0,61,discrete_gestures_user_061_dataset_000.hdf5
1644866224.793772,1644866344.814941,train,0,61,discrete_gestures_user_061_dataset_000.hdf5
1644865090.485648,1644865175.167981,train,0,61,discrete_gestures_user_061_dataset_000.hdf5
1644865220.489863,1644865289.713218,train,0,61,discrete_gestures_user_061_dataset_000.hdf5
1644865299.072339,1644865367.393338,train,0,61,discrete_gestures_user_061_dataset_000.hdf5
1644865372.523268,1644865438.224392,train,0,61,discrete_gestures_user_061_dataset_000.hdf5
1644865594.450503,1644865690.529989,train,0,61,discrete_gestures_user_061_dataset_000.hdf5
1644865699.378546,1644865794.208561,train,0,61,discrete_gestures_user_061_dataset_000.hdf5
1644865803.678053,1644865897.8718207,train,0,61,discrete_gestures_user_061_dataset_000.hdf5
1644866052.005361,1644866221.8042529,train,0,61,discrete_gestures_user_061_dataset_000.hdf5
1644936679.351917,1644936859.359721,train,0,64,discrete_gestures_user_064_dataset_000.hdf5
1644936859.3645027,1644936898.799451,train,0,64,discrete_gestures_user_064_dataset_000.hdf5
1644936550.08154,1644936670.10177,train,0,64,discrete_gestures_user_064_dataset_000.hdf5
1644935089.369895,1644935187.277746,train,0,64,discrete_gestures_user_064_dataset_000.hdf5
1644935294.245584,1644935360.988162,train,0,64,discrete_gestures_user_064_dataset_000.hdf5
1644935374.46493,1644935443.034654,train,0,64,discrete_gestures_user_064_dataset_000.hdf5
1644935463.47312,1644935532.014742,train,0,64,discrete_gestures_user_064_dataset_000.hdf5
1644935745.0831,1644935839.202283,train,0,64,discrete_gestures_user_064_dataset_000.hdf5
1644935867.218773,1644935963.997591,train,0,64,discrete_gestures_user_064_dataset_000.hdf5
1644935996.662848,1644936089.826358,train,0,64,discrete_gestures_user_064_dataset_000.hdf5
1644936257.360675,1644936541.892351,train,0,64,discrete_gestures_user_064_dataset_000.hdf5
1645039887.812718,1645040067.805759,train,0,14,discrete_gestures_user_014_dataset_000.hdf5
1645040067.809017,1645040107.302295,train,0,14,discrete_gestures_user_014_dataset_000.hdf5
1645039762.8990903,1645039882.913392,train,0,14,discrete_gestures_user_014_dataset_000.hdf5
1645038671.211182,1645038748.993902,train,0,14,discrete_gestures_user_014_dataset_000.hdf5
1645038797.607104,1645038864.519169,train,0,14,discrete_gestures_user_014_dataset_000.hdf5
1645038877.811855,1645038943.883242,train,0,14,discrete_gestures_user_014_dataset_000.hdf5
1645038949.525983,1645039016.712602,train,0,14,discrete_gestures_user_014_dataset_000.hdf5
1645039138.521843,1645039234.135237,train,0,14,discrete_gestures_user_014_dataset_000.hdf5
1645039246.373874,1645039344.61207,train,0,14,discrete_gestures_user_014_dataset_000.hdf5
1645039356.749226,1645039455.472775,train,0,14,discrete_gestures_user_014_dataset_000.hdf5
1645039576.49897,1645039760.22835,train,0,14,discrete_gestures_user_014_dataset_000.hdf5
1645042042.089422,1645042222.076389,train,0,21,discrete_gestures_user_021_dataset_000.hdf5
1645042222.084331,1645042274.88168,train,0,21,discrete_gestures_user_021_dataset_000.hdf5
1645041886.190432,1645042006.207406,train,0,21,discrete_gestures_user_021_dataset_000.hdf5
1645040472.441376,1645040560.240926,train,0,21,discrete_gestures_user_021_dataset_000.hdf5
1645040661.64852,1645040731.115394,train,0,21,discrete_gestures_user_021_dataset_000.hdf5
1645040744.7994628,1645040814.394266,train,0,21,discrete_gestures_user_021_dataset_000.hdf5
1645040833.792751,1645040900.608838,train,0,21,discrete_gestures_user_021_dataset_000.hdf5
1645041105.5371373,1645041201.961108,train,0,21,discrete_gestures_user_021_dataset_000.hdf5
1645041229.998896,1645041328.55739,train,0,21,discrete_gestures_user_021_dataset_000.hdf5
1645041360.591378,1645041455.098482,train,0,21,discrete_gestures_user_021_dataset_000.hdf5
1645041608.572269,1645041880.625063,train,0,21,discrete_gestures_user_021_dataset_000.hdf5
1645196655.5555537,1645196835.538565,train,0,25,discrete_gestures_user_025_dataset_000.hdf5
1645196835.546169,1645196875.147524,train,0,25,discrete_gestures_user_025_dataset_000.hdf5
1645196430.976606,1645196550.975388,train,0,25,discrete_gestures_user_025_dataset_000.hdf5
1645194713.3247879,1645194798.666207,train,0,25,discrete_gestures_user_025_dataset_000.hdf5
1645194922.7378,1645194990.040968,train,0,25,discrete_gestures_user_025_dataset_000.hdf5
1645195005.644823,1645195073.335862,train,0,25,discrete_gestures_user_025_dataset_000.hdf5
1645195089.6845472,1645195157.365459,train,0,25,discrete_gestures_user_025_dataset_000.hdf5
1645195391.35309,1645195489.331528,train,0,25,discrete_gestures_user_025_dataset_000.hdf5
1645195520.3132067,1645195619.5262,train,0,25,discrete_gestures_user_025_dataset_000.hdf5
1645195650.240297,1645195746.402163,train,0,25,discrete_gestures_user_025_dataset_000.hdf5
1645195912.852175,1645196349.874697,train,0,25,discrete_gestures_user_025_dataset_000.hdf5
1645542689.155227,1645542869.155158,train,0,72,discrete_gestures_user_072_dataset_000.hdf5
1645542869.158681,1645542908.655644,train,0,72,discrete_gestures_user_072_dataset_000.hdf5
1645542563.242269,1645542683.233745,train,0,72,discrete_gestures_user_072_dataset_000.hdf5
1645541060.455098,1645541146.444377,train,0,72,discrete_gestures_user_072_dataset_000.hdf5
1645541255.3649,1645541324.702033,train,0,72,discrete_gestures_user_072_dataset_000.hdf5
1645541339.8292696,1645541408.0664513,train,0,72,discrete_gestures_user_072_dataset_000.hdf5
1645541418.984558,1645541488.077557,train,0,72,discrete_gestures_user_072_dataset_000.hdf5
1645541716.270255,1645541816.546037,train,0,72,discrete_gestures_user_072_dataset_000.hdf5
1645541845.609081,1645541940.406388,train,0,72,discrete_gestures_user_072_dataset_000.hdf5
1645541972.579423,1645542066.483062,train,0,72,discrete_gestures_user_072_dataset_000.hdf5
1645542231.295746,1645542554.298225,train,0,72,discrete_gestures_user_072_dataset_000.hdf5
1645560211.544397,1645560391.662845,train,0,37,discrete_gestures_user_037_dataset_000.hdf5
1645560391.666521,1645560431.043553,train,0,37,discrete_gestures_user_037_dataset_000.hdf5
1645560087.958949,1645560207.969227,train,0,37,discrete_gestures_user_037_dataset_000.hdf5
1645558935.235691,1645559017.628807,train,0,37,discrete_gestures_user_037_dataset_000.hdf5
1645559059.674697,1645559128.175101,train,0,37,discrete_gestures_user_037_dataset_000.hdf5
1645559137.310182,1645559206.85466,train,0,37,discrete_gestures_user_037_dataset_000.hdf5
1645559212.762848,1645559280.351333,train,0,37,discrete_gestures_user_037_dataset_000.hdf5
1645559407.585953,1645559499.627266,train,0,37,discrete_gestures_user_037_dataset_000.hdf5
1645559511.762727,1645559604.423792,train,0,37,discrete_gestures_user_037_dataset_000.hdf5
1645559615.464706,1645559712.893663,train,0,37,discrete_gestures_user_037_dataset_000.hdf5
1645559835.634497,1645560082.748396,train,0,37,discrete_gestures_user_037_dataset_000.hdf5
1645630656.470821,1645630836.462925,train,0,28,discrete_gestures_user_028_dataset_000.hdf5
1645630836.467961,1645630875.85065,train,0,28,discrete_gestures_user_028_dataset_000.hdf5
1645630529.402025,1645630649.422088,train,0,28,discrete_gestures_user_028_dataset_000.hdf5
1645628798.316688,1645628886.026672,train,0,28,discrete_gestures_user_028_dataset_000.hdf5
1645629021.182864,1645629089.519067,train,0,28,discrete_gestures_user_028_dataset_000.hdf5
1645629108.493891,1645629175.26466,train,0,28,discrete_gestures_user_028_dataset_000.hdf5
1645629179.894822,1645629247.345365,train,0,28,discrete_gestures_user_028_dataset_000.hdf5
1645629476.654456,1645629573.699421,train,0,28,discrete_gestures_user_028_dataset_000.hdf5
1645629608.440268,1645629705.326588,train,0,28,discrete_gestures_user_028_dataset_000.hdf5
1645629737.086549,1645629834.255901,train,0,28,discrete_gestures_user_028_dataset_000.hdf5
1645630005.147294,1645630511.748661,train,0,28,discrete_gestures_user_028_dataset_000.hdf5
1645713811.625904,1645713991.620666,train,0,30,discrete_gestures_user_030_dataset_000.hdf5
1645713991.626474,1645714031.154649,train,0,30,discrete_gestures_user_030_dataset_000.hdf5
1645713685.449236,1645713805.411744,train,0,30,discrete_gestures_user_030_dataset_000.hdf5
1645712228.243487,1645712312.186084,train,0,30,discrete_gestures_user_030_dataset_000.hdf5
1645712403.782843,1645712472.330385,train,0,30,discrete_gestures_user_030_dataset_000.hdf5
1645712482.130287,1645712551.311686,train,0,30,discrete_gestures_user_030_dataset_000.hdf5
1645712562.315573,1645712632.725054,train,0,30,discrete_gestures_user_030_dataset_000.hdf5
1645712839.1075509,1645712937.248,train,0,30,discrete_gestures_user_030_dataset_000.hdf5
1645712963.425196,1645713058.977966,train,0,30,discrete_gestures_user_030_dataset_000.hdf5
1645713092.977324,1645713188.505944,train,0,30,discrete_gestures_user_030_dataset_000.hdf5
1645713353.157566,1645713671.072044,train,0,30,discrete_gestures_user_030_dataset_000.hdf5
1645803605.493702,1645803785.489306,train,0,41,discrete_gestures_user_041_dataset_000.hdf5
1645803785.49459,1645803824.891473,train,0,41,discrete_gestures_user_041_dataset_000.hdf5
1645803481.198168,1645803601.2130067,train,0,41,discrete_gestures_user_041_dataset_000.hdf5
1645802187.5946887,1645802271.545026,train,0,41,discrete_gestures_user_041_dataset_000.hdf5
1645802367.599971,1645802439.467703,train,0,41,discrete_gestures_user_041_dataset_000.hdf5
1645802444.509411,1645802511.09855,train,0,41,discrete_gestures_user_041_dataset_000.hdf5
1645802516.402352,1645802583.2597897,train,0,41,discrete_gestures_user_041_dataset_000.hdf5
1645802782.134023,1645802878.8598,train,0,41,discrete_gestures_user_041_dataset_000.hdf5
1645802902.324028,1645802996.569439,train,0,41,discrete_gestures_user_041_dataset_000.hdf5
1645803024.940514,1645803122.103247,train,0,41,discrete_gestures_user_041_dataset_000.hdf5
1645803268.111889,1645803478.119297,train,0,41,discrete_gestures_user_041_dataset_000.hdf5
1645816012.254938,1645816192.261386,train,0,34,discrete_gestures_user_034_dataset_000.hdf5
1645816192.267257,1645816231.901819,train,0,34,discrete_gestures_user_034_dataset_000.hdf5
1645815887.626526,1645816007.649964,train,0,34,discrete_gestures_user_034_dataset_000.hdf5
1645814078.924791,1645814165.876365,train,0,34,discrete_gestures_user_034_dataset_000.hdf5
1645814291.431874,1645814359.818489,train,0,34,discrete_gestures_user_034_dataset_000.hdf5
1645814376.874843,1645814441.9645433,train,0,34,discrete_gestures_user_034_dataset_000.hdf5
1645814452.111924,1645814515.97808,train,0,34,discrete_gestures_user_034_dataset_000.hdf5
1645814754.295299,1645814851.464817,train,0,34,discrete_gestures_user_034_dataset_000.hdf5
1645814881.27332,1645814977.342695,train,0,34,discrete_gestures_user_034_dataset_000.hdf5
1645815010.766241,1645815107.053856,train,0,34,discrete_gestures_user_034_dataset_000.hdf5
1645815300.264044,1645815873.4636219,train,0,34,discrete_gestures_user_034_dataset_000.hdf5
1645821548.939497,1645821728.946764,train,0,96,discrete_gestures_user_096_dataset_000.hdf5
1645821728.9627624,1645821748.908747,train,0,96,discrete_gestures_user_096_dataset_000.hdf5
1645821426.115351,1645821546.140886,train,0,96,discrete_gestures_user_096_dataset_000.hdf5
1645820320.008595,1645820399.812513,train,0,96,discrete_gestures_user_096_dataset_000.hdf5
1645820442.894639,1645820507.703229,train,0,96,discrete_gestures_user_096_dataset_000.hdf5
1645820513.158831,1645820581.052021,train,0,96,discrete_gestures_user_096_dataset_000.hdf5
1645820587.538254,1645820654.017873,train,0,96,discrete_gestures_user_096_dataset_000.hdf5
1645820785.826799,1645820881.523456,train,0,96,discrete_gestures_user_096_dataset_000.hdf5
1645820892.735597,1645820988.216488,train,0,96,discrete_gestures_user_096_dataset_000.hdf5
1645821000.695135,1645821098.52234,train,0,96,discrete_gestures_user_096_dataset_000.hdf5
1645821219.581544,1645821423.409889,train,0,96,discrete_gestures_user_096_dataset_000.hdf5
1646075408.499249,1646075588.502176,train,0,90,discrete_gestures_user_090_dataset_000.hdf5
1646075588.507644,1646075627.970957,train,0,90,discrete_gestures_user_090_dataset_000.hdf5
1646075252.214702,1646075372.224606,train,0,90,discrete_gestures_user_090_dataset_000.hdf5
1646073956.912279,1646074038.372671,train,0,90,discrete_gestures_user_090_dataset_000.hdf5
1646074138.063411,1646074205.38403,train,0,90,discrete_gestures_user_090_dataset_000.hdf5
1646074221.08699,1646074290.847788,train,0,90,discrete_gestures_user_090_dataset_000.hdf5
1646074294.756523,1646074362.212239,train,0,90,discrete_gestures_user_090_dataset_000.hdf5
1646074565.187402,1646074660.651453,train,0,90,discrete_gestures_user_090_dataset_000.hdf5
1646074684.993206,1646074781.496987,train,0,90,discrete_gestures_user_090_dataset_000.hdf5
1646074810.295699,1646074907.8940597,train,0,90,discrete_gestures_user_090_dataset_000.hdf5
1646075066.169928,1646075244.40356,train,0,90,discrete_gestures_user_090_dataset_000.hdf5
1646075693.2864,1646075873.2837157,train,0,42,discrete_gestures_user_042_dataset_000.hdf5
1646075873.289741,1646075912.637183,train,0,42,discrete_gestures_user_042_dataset_000.hdf5
1646075565.768432,1646075685.786195,train,0,42,discrete_gestures_user_042_dataset_000.hdf5
1646074118.927573,1646074203.244405,train,0,42,discrete_gestures_user_042_dataset_000.hdf5
1646074301.628504,1646074369.640019,train,0,42,discrete_gestures_user_042_dataset_000.hdf5
1646074387.169705,1646074455.95533,train,0,42,discrete_gestures_user_042_dataset_000.hdf5
1646074470.571837,1646074536.836238,train,0,42,discrete_gestures_user_042_dataset_000.hdf5
1646074737.197927,1646074833.612721,train,0,42,discrete_gestures_user_042_dataset_000.hdf5
1646074861.052188,1646074954.077151,train,0,42,discrete_gestures_user_042_dataset_000.hdf5
1646074984.171631,1646075080.0242682,train,0,42,discrete_gestures_user_042_dataset_000.hdf5
1646075238.59563,1646075554.116059,train,0,42,discrete_gestures_user_042_dataset_000.hdf5
1646076672.067566,1646076852.051598,train,0,56,discrete_gestures_user_056_dataset_000.hdf5
1646076852.055744,1646076891.625694,train,0,56,discrete_gestures_user_056_dataset_000.hdf5
1646076521.473508,1646076641.491753,train,0,56,discrete_gestures_user_056_dataset_000.hdf5
1646075080.580398,1646075165.7846222,train,0,56,discrete_gestures_user_056_dataset_000.hdf5
1646075276.292188,1646075344.12278,train,0,56,discrete_gestures_user_056_dataset_000.hdf5
1646075356.90316,1646075424.218457,train,0,56,discrete_gestures_user_056_dataset_000.hdf5
1646075436.955085,1646075506.562472,train,0,56,discrete_gestures_user_056_dataset_000.hdf5
1646075725.519797,1646075820.376549,train,0,56,discrete_gestures_user_056_dataset_000.hdf5
1646075847.711702,1646075945.285447,train,0,56,discrete_gestures_user_056_dataset_000.hdf5
1646075973.851936,1646076072.228016,train,0,56,discrete_gestures_user_056_dataset_000.hdf5
1646076233.285459,1646076512.842337,train,0,56,discrete_gestures_user_056_dataset_000.hdf5
1646163675.180544,1646163855.178505,train,0,19,discrete_gestures_user_019_dataset_000.hdf5
1646163855.184254,1646163895.062564,train,0,19,discrete_gestures_user_019_dataset_000.hdf5
1646163550.4355206,1646163670.439119,train,0,19,discrete_gestures_user_019_dataset_000.hdf5
1646162098.931134,1646162185.71092,train,0,19,discrete_gestures_user_019_dataset_000.hdf5
1646162296.037752,1646162365.537102,train,0,19,discrete_gestures_user_019_dataset_000.hdf5
1646162381.448155,1646162450.452097,train,0,19,discrete_gestures_user_019_dataset_000.hdf5
1646162462.946916,1646162531.74947,train,0,19,discrete_gestures_user_019_dataset_000.hdf5
1646162740.632156,1646162836.447916,train,0,19,discrete_gestures_user_019_dataset_000.hdf5
1646162861.232986,1646162956.72563,train,0,19,discrete_gestures_user_019_dataset_000.hdf5
1646162988.54981,1646163087.9042282,train,0,19,discrete_gestures_user_019_dataset_000.hdf5
1646163279.494498,1646163533.9261289,train,0,19,discrete_gestures_user_019_dataset_000.hdf5
1646318878.350907,1646319058.653467,train,0,11,discrete_gestures_user_011_dataset_000.hdf5
1646319058.656494,1646319098.142027,train,0,11,discrete_gestures_user_011_dataset_000.hdf5
1646318754.934115,1646318874.952787,train,0,11,discrete_gestures_user_011_dataset_000.hdf5
1646317420.258182,1646317505.560971,train,0,11,discrete_gestures_user_011_dataset_000.hdf5
1646317607.529171,1646317677.1704283,train,0,11,discrete_gestures_user_011_dataset_000.hdf5
1646317690.68047,1646317759.068995,train,0,11,discrete_gestures_user_011_dataset_000.hdf5
1646317775.821666,1646317844.281678,train,0,11,discrete_gestures_user_011_dataset_000.hdf5
1646318055.760975,1646318149.351841,train,0,11,discrete_gestures_user_011_dataset_000.hdf5
1646318178.694958,1646318278.063392,train,0,11,discrete_gestures_user_011_dataset_000.hdf5
1646318299.061732,1646318392.358787,train,0,11,discrete_gestures_user_011_dataset_000.hdf5
1646318557.188556,1646318742.708049,train,0,11,discrete_gestures_user_011_dataset_000.hdf5
1646320760.0461912,1646320940.0392723,train,0,29,discrete_gestures_user_029_dataset_000.hdf5
1646320940.045452,1646320979.430066,train,0,29,discrete_gestures_user_029_dataset_000.hdf5
1646320635.309389,1646320755.315416,train,0,29,discrete_gestures_user_029_dataset_000.hdf5
1646319251.250036,1646319336.872469,train,0,29,discrete_gestures_user_029_dataset_000.hdf5
1646319431.763577,1646319500.295271,train,0,29,discrete_gestures_user_029_dataset_000.hdf5
1646319507.97964,1646319575.673486,train,0,29,discrete_gestures_user_029_dataset_000.hdf5
1646319581.564435,1646319648.370053,train,0,29,discrete_gestures_user_029_dataset_000.hdf5
1646319848.351676,1646319945.2845492,train,0,29,discrete_gestures_user_029_dataset_000.hdf5
1646319967.532696,1646320062.678275,train,0,29,discrete_gestures_user_029_dataset_000.hdf5
1646320090.48065,1646320185.021325,train,0,29,discrete_gestures_user_029_dataset_000.hdf5
1646320351.499773,1646320627.911871,train,0,29,discrete_gestures_user_029_dataset_000.hdf5
1646337938.321403,1646338118.315621,train,0,67,discrete_gestures_user_067_dataset_000.hdf5
1646338118.332628,1646338157.90842,train,0,67,discrete_gestures_user_067_dataset_000.hdf5
1646337814.755972,1646337934.760755,train,0,67,discrete_gestures_user_067_dataset_000.hdf5
1646336334.482056,1646336418.186775,train,0,67,discrete_gestures_user_067_dataset_000.hdf5
1646336516.98059,1646336586.592914,train,0,67,discrete_gestures_user_067_dataset_000.hdf5
1646336595.446528,1646336663.972637,train,0,67,discrete_gestures_user_067_dataset_000.hdf5
1646336672.052264,1646336738.06814,train,0,67,discrete_gestures_user_067_dataset_000.hdf5
1646336946.321162,1646337042.685053,train,0,67,discrete_gestures_user_067_dataset_000.hdf5
1646337070.702897,1646337166.645991,train,0,67,discrete_gestures_user_067_dataset_000.hdf5
1646337198.618589,1646337292.50427,train,0,67,discrete_gestures_user_067_dataset_000.hdf5
1646337479.112357,1646337803.228312,train,0,67,discrete_gestures_user_067_dataset_000.hdf5
1646421474.065558,1646421654.0697107,train,0,66,discrete_gestures_user_066_dataset_000.hdf5
1646421654.074419,1646421693.646298,train,0,66,discrete_gestures_user_066_dataset_000.hdf5
1646421347.534334,1646421467.541668,train,0,66,discrete_gestures_user_066_dataset_000.hdf5
1646419543.482861,1646419624.174194,train,0,66,discrete_gestures_user_066_dataset_000.hdf5
1646419728.626341,1646419796.124326,train,0,66,discrete_gestures_user_066_dataset_000.hdf5
1646419809.243494,1646419874.305503,train,0,66,discrete_gestures_user_066_dataset_000.hdf5
1646419885.628781,1646419955.069733,train,0,66,discrete_gestures_user_066_dataset_000.hdf5
1646420333.961374,1646420452.439723,train,0,66,discrete_gestures_user_066_dataset_000.hdf5
1646420481.413361,1646420578.718859,train,0,66,discrete_gestures_user_066_dataset_000.hdf5
1646420608.898986,1646420705.566862,train,0,66,discrete_gestures_user_066_dataset_000.hdf5
1646420897.209354,1646421332.860946,train,0,66,discrete_gestures_user_066_dataset_000.hdf5
1646923777.397287,1646923957.998932,train,0,65,discrete_gestures_user_065_dataset_000.hdf5
1646923958.00198,1646923997.417206,train,0,65,discrete_gestures_user_065_dataset_000.hdf5
1646923652.268922,1646923772.273963,train,0,65,discrete_gestures_user_065_dataset_000.hdf5
1646922193.685157,1646922278.577414,train,0,65,discrete_gestures_user_065_dataset_000.hdf5
1646922368.179214,1646922432.920327,train,0,65,discrete_gestures_user_065_dataset_000.hdf5
1646922442.289715,1646922511.61786,train,0,65,discrete_gestures_user_065_dataset_000.hdf5
1646922524.115025,1646922589.714297,train,0,65,discrete_gestures_user_065_dataset_000.hdf5
1646922790.622428,1646922884.430226,train,0,65,discrete_gestures_user_065_dataset_000.hdf5
1646922914.683785,1646923011.655636,train,0,65,discrete_gestures_user_065_dataset_000.hdf5
1646923039.464886,1646923135.998134,train,0,65,discrete_gestures_user_065_dataset_000.hdf5
1646923315.089719,1646923641.0010579,train,0,65,discrete_gestures_user_065_dataset_000.hdf5
1647267992.185983,1647268172.172311,train,0,59,discrete_gestures_user_059_dataset_000.hdf5
1647268172.177926,1647268211.634047,train,0,59,discrete_gestures_user_059_dataset_000.hdf5
1647267743.032824,1647267863.049323,train,0,59,discrete_gestures_user_059_dataset_000.hdf5
1647266290.245949,1647266374.983108,train,0,59,discrete_gestures_user_059_dataset_000.hdf5
1647266455.6629398,1647266525.207025,train,0,59,discrete_gestures_user_059_dataset_000.hdf5
1647266537.999761,1647266608.169438,train,0,59,discrete_gestures_user_059_dataset_000.hdf5
1647266628.500589,1647266692.854812,train,0,59,discrete_gestures_user_059_dataset_000.hdf5
1647266875.632653,1647266970.043207,train,0,59,discrete_gestures_user_059_dataset_000.hdf5
1647267003.433958,1647267100.5369287,train,0,59,discrete_gestures_user_059_dataset_000.hdf5
1647267130.867166,1647267225.914774,train,0,59,discrete_gestures_user_059_dataset_000.hdf5
1647267369.83855,1647267732.59634,train,0,59,discrete_gestures_user_059_dataset_000.hdf5
1647271139.663878,1647271319.663174,train,0,91,discrete_gestures_user_091_dataset_000.hdf5
1647271319.667514,1647271334.603858,train,0,91,discrete_gestures_user_091_dataset_000.hdf5
1647271017.813861,1647271137.817396,train,0,91,discrete_gestures_user_091_dataset_000.hdf5
1647269862.628194,1647269947.825895,train,0,91,discrete_gestures_user_091_dataset_000.hdf5
1647269985.045055,1647270051.170763,train,0,91,discrete_gestures_user_091_dataset_000.hdf5
1647270058.280675,1647270124.684121,train,0,91,discrete_gestures_user_091_dataset_000.hdf5
1647270132.872377,1647270204.264306,train,0,91,discrete_gestures_user_091_dataset_000.hdf5
1647270326.429429,1647270422.2879128,train,0,91,discrete_gestures_user_091_dataset_000.hdf5
1647270433.080317,1647270528.35022,train,0,91,discrete_gestures_user_091_dataset_000.hdf5
1647270539.880106,1647270633.550917,train,0,91,discrete_gestures_user_091_dataset_000.hdf5
1647270751.413014,1647271015.740462,train,0,91,discrete_gestures_user_091_dataset_000.hdf5
1647282860.455984,1647283040.452208,train,0,92,discrete_gestures_user_092_dataset_000.hdf5
1647283040.4597938,1647283079.787355,train,0,92,discrete_gestures_user_092_dataset_000.hdf5
1647282723.054623,1647282843.073285,train,0,92,discrete_gestures_user_092_dataset_000.hdf5
1647281321.313564,1647281403.868879,train,0,92,discrete_gestures_user_092_dataset_000.hdf5
1647281509.335081,1647281578.211335,train,0,92,discrete_gestures_user_092_dataset_000.hdf5
1647281589.202124,1647281656.609403,train,0,92,discrete_gestures_user_092_dataset_000.hdf5
1647281665.536641,1647281730.040238,train,0,92,discrete_gestures_user_092_dataset_000.hdf5
1647281935.812996,1647282032.960859,train,0,92,discrete_gestures_user_092_dataset_000.hdf5
1647282061.730393,1647282159.439166,train,0,92,discrete_gestures_user_092_dataset_000.hdf5
1647282190.2143333,1647282285.384314,train,0,92,discrete_gestures_user_092_dataset_000.hdf5
1647282458.226371,1647282711.11966,train,0,92,discrete_gestures_user_092_dataset_000.hdf5
1647367897.78251,1647368077.782817,train,0,53,discrete_gestures_user_053_dataset_000.hdf5
1647368077.786618,1647368117.321582,train,0,53,discrete_gestures_user_053_dataset_000.hdf5
1647367776.083959,1647367896.075651,train,0,53,discrete_gestures_user_053_dataset_000.hdf5
1647366409.445139,1647366494.791942,train,0,53,discrete_gestures_user_053_dataset_000.hdf5
1647366592.044021,1647366661.351094,train,0,53,discrete_gestures_user_053_dataset_000.hdf5
1647366666.127775,1647366736.164508,train,0,53,discrete_gestures_user_053_dataset_000.hdf5
1647366741.41637,1647366809.444805,train,0,53,discrete_gestures_user_053_dataset_000.hdf5
1647367008.504181,1647367104.914481,train,0,53,discrete_gestures_user_053_dataset_000.hdf5
1647367129.086401,1647367226.891738,train,0,53,discrete_gestures_user_053_dataset_000.hdf5
1647367254.886185,1647367350.773289,train,0,53,discrete_gestures_user_053_dataset_000.hdf5
1647367507.783816,1647367766.804693,train,0,53,discrete_gestures_user_053_dataset_000.hdf5
1647441883.775483,1647442063.781028,train,0,76,discrete_gestures_user_076_dataset_000.hdf5
1647442063.786973,1647442103.118602,train,0,76,discrete_gestures_user_076_dataset_000.hdf5
1647441713.126523,1647441833.139738,train,0,76,discrete_gestures_user_076_dataset_000.hdf5
1647440580.553951,1647440665.867361,train,0,76,discrete_gestures_user_076_dataset_000.hdf5
1647440709.654277,1647440777.59525,train,0,76,discrete_gestures_user_076_dataset_000.hdf5
1647440785.4616792,1647440853.356853,train,0,76,discrete_gestures_user_076_dataset_000.hdf5
1647440866.143606,1647440932.97044,train,0,76,discrete_gestures_user_076_dataset_000.hdf5
1647441085.919797,1647441182.50811,train,0,76,discrete_gestures_user_076_dataset_000.hdf5
1647441194.374353,1647441287.886111,train,0,76,discrete_gestures_user_076_dataset_000.hdf5
1647441298.3564937,1647441394.331244,train,0,76,discrete_gestures_user_076_dataset_000.hdf5
1647441533.0913768,1647441700.16321,train,0,76,discrete_gestures_user_076_dataset_000.hdf5
1647455815.187232,1647455995.388248,train,0,99,discrete_gestures_user_099_dataset_000.hdf5
1647455995.391813,1647456034.84235,train,0,99,discrete_gestures_user_099_dataset_000.hdf5
1647455692.404683,1647455812.420073,train,0,99,discrete_gestures_user_099_dataset_000.hdf5
1647454324.787868,1647454409.14721,train,0,99,discrete_gestures_user_099_dataset_000.hdf5
1647454499.738971,1647454567.757026,train,0,99,discrete_gestures_user_099_dataset_000.hdf5
1647454576.139239,1647454643.586637,train,0,99,discrete_gestures_user_099_dataset_000.hdf5
1647454650.374616,1647454718.035768,train,0,99,discrete_gestures_user_099_dataset_000.hdf5
1647454926.54597,1647455020.22265,train,0,99,discrete_gestures_user_099_dataset_000.hdf5
1647455047.91429,1647455142.868106,train,0,99,discrete_gestures_user_099_dataset_000.hdf5
1647455172.764812,1647455268.512339,train,0,99,discrete_gestures_user_099_dataset_000.hdf5
1647455436.621842,1647455687.0324879,train,0,99,discrete_gestures_user_099_dataset_000.hdf5
1647612822.423755,1647613002.414006,train,0,55,discrete_gestures_user_055_dataset_000.hdf5
1647613002.420011,1647613042.301349,train,0,55,discrete_gestures_user_055_dataset_000.hdf5
1647612696.89617,1647612816.9068701,train,0,55,discrete_gestures_user_055_dataset_000.hdf5
1647611190.1651862,1647611279.297368,train,0,55,discrete_gestures_user_055_dataset_000.hdf5
1647611383.206055,1647611450.036669,train,0,55,discrete_gestures_user_055_dataset_000.hdf5
1647611466.60884,1647611535.3473809,train,0,55,discrete_gestures_user_055_dataset_000.hdf5
1647611541.286025,1647611605.894359,train,0,55,discrete_gestures_user_055_dataset_000.hdf5
1647611813.159651,1647611909.635354,train,0,55,discrete_gestures_user_055_dataset_000.hdf5
1647611940.439141,1647612035.560314,train,0,55,discrete_gestures_user_055_dataset_000.hdf5
1647612065.381516,1647612165.319354,train,0,55,discrete_gestures_user_055_dataset_000.hdf5
1647612354.558437,1647612678.567095,train,0,55,discrete_gestures_user_055_dataset_000.hdf5
1648235143.11796,1648235323.110913,train,0,39,discrete_gestures_user_039_dataset_000.hdf5
1648235323.1149943,1648235362.755244,train,0,39,discrete_gestures_user_039_dataset_000.hdf5
1648235011.352743,1648235131.356515,train,0,39,discrete_gestures_user_039_dataset_000.hdf5
1648233518.276229,1648233604.479128,train,0,39,discrete_gestures_user_039_dataset_000.hdf5
1648233706.898119,1648233773.615049,train,0,39,discrete_gestures_user_039_dataset_000.hdf5
1648233784.815513,1648233853.714664,train,0,39,discrete_gestures_user_039_dataset_000.hdf5
1648233864.753193,1648233931.79833,train,0,39,discrete_gestures_user_039_dataset_000.hdf5
1648234140.781473,1648234236.760021,train,0,39,discrete_gestures_user_039_dataset_000.hdf5
1648234264.931486,1648234361.725451,train,0,39,discrete_gestures_user_039_dataset_000.hdf5
1648234391.581003,1648234484.4091,train,0,39,discrete_gestures_user_039_dataset_000.hdf5
1648234647.846909,1648235001.445539,train,0,39,discrete_gestures_user_039_dataset_000.hdf5
1648235556.8091867,1648235737.174815,train,0,36,discrete_gestures_user_036_dataset_000.hdf5
1648235737.1794298,1648235779.711968,train,0,36,discrete_gestures_user_036_dataset_000.hdf5
1648235433.560238,1648235553.574485,train,0,36,discrete_gestures_user_036_dataset_000.hdf5
1648233683.541896,1648233766.96324,train,0,36,discrete_gestures_user_036_dataset_000.hdf5
1648233874.694515,1648233941.698058,train,0,36,discrete_gestures_user_036_dataset_000.hdf5
1648233946.360762,1648234012.981494,train,0,36,discrete_gestures_user_036_dataset_000.hdf5
1648234028.0060768,1648234094.132193,train,0,36,discrete_gestures_user_036_dataset_000.hdf5
1648234304.510638,1648234402.216752,train,0,36,discrete_gestures_user_036_dataset_000.hdf5
1648234432.410701,1648234528.1491823,train,0,36,discrete_gestures_user_036_dataset_000.hdf5
1648234564.911012,1648234663.249506,train,0,36,discrete_gestures_user_036_dataset_000.hdf5
1648234892.205063,1648235413.86368,train,0,36,discrete_gestures_user_036_dataset_000.hdf5
1648477431.47491,1648477611.485177,train,0,84,discrete_gestures_user_084_dataset_000.hdf5
1648477611.490232,1648477659.679046,train,0,84,discrete_gestures_user_084_dataset_000.hdf5
1648477306.742022,1648477426.763373,train,0,84,discrete_gestures_user_084_dataset_000.hdf5
1648475801.674687,1648475885.980491,train,0,84,discrete_gestures_user_084_dataset_000.hdf5
1648475990.913494,1648476056.6489007,train,0,84,discrete_gestures_user_084_dataset_000.hdf5
1648476067.147602,1648476135.248249,train,0,84,discrete_gestures_user_084_dataset_000.hdf5
1648476145.3489192,1648476215.950127,train,0,84,discrete_gestures_user_084_dataset_000.hdf5
1648476423.221864,1648476518.619956,train,0,84,discrete_gestures_user_084_dataset_000.hdf5
1648476547.190254,1648476644.120234,train,0,84,discrete_gestures_user_084_dataset_000.hdf5
1648476672.619395,1648476769.21631,train,0,84,discrete_gestures_user_084_dataset_000.hdf5
1648476944.07222,1648477297.6694539,train,0,84,discrete_gestures_user_084_dataset_000.hdf5
1649273716.929731,1649273896.930404,train,0,73,discrete_gestures_user_073_dataset_000.hdf5
1649273896.936214,1649273936.556626,train,0,73,discrete_gestures_user_073_dataset_000.hdf5
1649273579.530622,1649273699.549067,train,0,73,discrete_gestures_user_073_dataset_000.hdf5
1649272254.255145,1649272337.752394,train,0,73,discrete_gestures_user_073_dataset_000.hdf5
1649272430.77866,1649272500.697385,train,0,73,discrete_gestures_user_073_dataset_000.hdf5
1649272510.353455,1649272576.262954,train,0,73,discrete_gestures_user_073_dataset_000.hdf5
1649272587.647243,1649272655.576739,train,0,73,discrete_gestures_user_073_dataset_000.hdf5
1649272859.450647,1649272951.235758,train,0,73,discrete_gestures_user_073_dataset_000.hdf5
1649272975.442455,1649273071.265456,train,0,73,discrete_gestures_user_073_dataset_000.hdf5
1649273102.810621,1649273196.745305,train,0,73,discrete_gestures_user_073_dataset_000.hdf5
1649273358.495783,1649273576.725665,train,0,73,discrete_gestures_user_073_dataset_000.hdf5
1649274366.490728,1649274546.48773,train,0,71,discrete_gestures_user_071_dataset_000.hdf5
1649274546.491863,1649274561.3260238,train,0,71,discrete_gestures_user_071_dataset_000.hdf5
1649274202.483075,1649274322.501696,train,0,71,discrete_gestures_user_071_dataset_000.hdf5
1649272961.7640462,1649273042.07755,train,0,71,discrete_gestures_user_071_dataset_000.hdf5
1649273089.032066,1649273157.845851,train,0,71,discrete_gestures_user_071_dataset_000.hdf5
1649273164.648632,1649273231.215831,train,0,71,discrete_gestures_user_071_dataset_000.hdf5
1649273237.766667,1649273306.131212,train,0,71,discrete_gestures_user_071_dataset_000.hdf5
1649273484.897334,1649273583.631442,train,0,71,discrete_gestures_user_071_dataset_000.hdf5
1649273592.579178,1649273687.998287,train,0,71,discrete_gestures_user_071_dataset_000.hdf5
1649273698.4127822,1649273792.481463,train,0,71,discrete_gestures_user_071_dataset_000.hdf5
1649273937.665789,1649274192.165976,train,0,71,discrete_gestures_user_071_dataset_000.hdf5
1649355763.380845,1649355944.162962,train,0,89,discrete_gestures_user_089_dataset_000.hdf5
1649355944.165925,1649355983.619967,train,0,89,discrete_gestures_user_089_dataset_000.hdf5
1649355635.897371,1649355755.916181,train,0,89,discrete_gestures_user_089_dataset_000.hdf5
1649354243.342814,1649354323.284031,train,0,89,discrete_gestures_user_089_dataset_000.hdf5
1649354419.197344,1649354481.193046,train,0,89,discrete_gestures_user_089_dataset_000.hdf5
1649354494.152702,1649354561.429061,train,0,89,discrete_gestures_user_089_dataset_000.hdf5
1649354578.739652,1649354644.3969688,train,0,89,discrete_gestures_user_089_dataset_000.hdf5
1649354855.741601,1649354951.847239,train,0,89,discrete_gestures_user_089_dataset_000.hdf5
1649354982.142197,1649355078.016396,train,0,89,discrete_gestures_user_089_dataset_000.hdf5
1649355107.175741,1649355202.449693,train,0,89,discrete_gestures_user_089_dataset_000.hdf5
1649355378.798762,1649355620.626741,train,0,89,discrete_gestures_user_089_dataset_000.hdf5
1649356853.927465,1649357033.930578,train,0,46,discrete_gestures_user_046_dataset_000.hdf5
1649357033.936133,1649357073.284674,train,0,46,discrete_gestures_user_046_dataset_000.hdf5
1649356730.980117,1649356851.0000331,train,0,46,discrete_gestures_user_046_dataset_000.hdf5
1649355309.08882,1649355394.5429313,train,0,46,discrete_gestures_user_046_dataset_000.hdf5
1649355488.000261,1649355558.156551,train,0,46,discrete_gestures_user_046_dataset_000.hdf5
1649355575.718553,1649355639.721137,train,0,46,discrete_gestures_user_046_dataset_000.hdf5
1649355672.976165,1649355742.95274,train,0,46,discrete_gestures_user_046_dataset_000.hdf5
1649355949.777677,1649356047.225489,train,0,46,discrete_gestures_user_046_dataset_000.hdf5
1649356071.616266,1649356164.187744,train,0,46,discrete_gestures_user_046_dataset_000.hdf5
1649356194.91648,1649356288.901772,train,0,46,discrete_gestures_user_046_dataset_000.hdf5
1649356451.473646,1649356728.810839,train,0,46,discrete_gestures_user_046_dataset_000.hdf5
1649684670.463327,1649684850.955964,train,0,62,discrete_gestures_user_062_dataset_000.hdf5
1649684850.959284,1649684890.561196,train,0,62,discrete_gestures_user_062_dataset_000.hdf5
1649684542.498183,1649684662.522518,train,0,62,discrete_gestures_user_062_dataset_000.hdf5
1649683087.973299,1649683172.946121,train,0,62,discrete_gestures_user_062_dataset_000.hdf5
1649683269.707066,1649683339.314588,train,0,62,discrete_gestures_user_062_dataset_000.hdf5
1649683347.974713,1649683416.952946,train,0,62,discrete_gestures_user_062_dataset_000.hdf5
1649683426.462507,1649683490.903639,train,0,62,discrete_gestures_user_062_dataset_000.hdf5
1649683687.849065,1649683783.637956,train,0,62,discrete_gestures_user_062_dataset_000.hdf5
1649683809.100944,1649683907.356204,train,0,62,discrete_gestures_user_062_dataset_000.hdf5
1649683937.137198,1649684032.490656,train,0,62,discrete_gestures_user_062_dataset_000.hdf5
1649684193.544577,1649684528.867547,train,0,62,discrete_gestures_user_062_dataset_000.hdf5
1649774068.111001,1649774248.260249,train,0,69,discrete_gestures_user_069_dataset_000.hdf5
1649774248.263207,1649774290.969871,train,0,69,discrete_gestures_user_069_dataset_000.hdf5
1649773941.996317,1649774062.015686,train,0,69,discrete_gestures_user_069_dataset_000.hdf5
1649772559.493315,1649772641.425948,train,0,69,discrete_gestures_user_069_dataset_000.hdf5
1649772735.8789032,1649772805.923055,train,0,69,discrete_gestures_user_069_dataset_000.hdf5
1649772817.098564,1649772884.221877,train,0,69,discrete_gestures_user_069_dataset_000.hdf5
1649772893.251457,1649772962.403548,train,0,69,discrete_gestures_user_069_dataset_000.hdf5
1649773166.376916,1649773263.91519,train,0,69,discrete_gestures_user_069_dataset_000.hdf5
1649773292.578468,1649773386.181088,train,0,69,discrete_gestures_user_069_dataset_000.hdf5
1649773414.202036,1649773511.077903,train,0,69,discrete_gestures_user_069_dataset_000.hdf5
1649773679.35169,1649773932.478863,train,0,69,discrete_gestures_user_069_dataset_000.hdf5
1649775501.217022,1649775681.213889,train,0,74,discrete_gestures_user_074_dataset_000.hdf5
1649775681.217428,1649775720.651435,train,0,74,discrete_gestures_user_074_dataset_000.hdf5
1649775371.971689,1649775491.982084,train,0,74,discrete_gestures_user_074_dataset_000.hdf5
1649773523.638041,1649773609.651805,train,0,74,discrete_gestures_user_074_dataset_000.hdf5
1649773760.176189,1649773829.951494,train,0,74,discrete_gestures_user_074_dataset_000.hdf5
1649773854.530824,1649773924.667438,train,0,74,discrete_gestures_user_074_dataset_000.hdf5
1649773948.817268,1649774017.38531,train,0,74,discrete_gestures_user_074_dataset_000.hdf5
1649774277.0645728,1649774369.10107,train,0,74,discrete_gestures_user_074_dataset_000.hdf5
1649774405.977254,1649774503.416387,train,0,74,discrete_gestures_user_074_dataset_000.hdf5
1649774551.106056,1649774648.690035,train,0,74,discrete_gestures_user_074_dataset_000.hdf5
1649774838.677838,1649775353.734045,train,0,74,discrete_gestures_user_074_dataset_000.hdf5
1649874941.4681118,1649875122.172898,train,0,93,discrete_gestures_user_093_dataset_000.hdf5
1649875122.181474,1649875161.706738,train,0,93,discrete_gestures_user_093_dataset_000.hdf5
1649874817.5340302,1649874937.553149,train,0,93,discrete_gestures_user_093_dataset_000.hdf5
1649873450.1979682,1649873535.08237,train,0,93,discrete_gestures_user_093_dataset_000.hdf5
1649873629.716538,1649873695.933772,train,0,93,discrete_gestures_user_093_dataset_000.hdf5
1649873708.462816,1649873776.283965,train,0,93,discrete_gestures_user_093_dataset_000.hdf5
1649873785.044199,1649873854.253188,train,0,93,discrete_gestures_user_093_dataset_000.hdf5
1649874054.7059247,1649874152.855658,train,0,93,discrete_gestures_user_093_dataset_000.hdf5
1649874176.040213,1649874273.057919,train,0,93,discrete_gestures_user_093_dataset_000.hdf5
1649874302.008052,1649874399.458603,train,0,93,discrete_gestures_user_093_dataset_000.hdf5
1649874560.01575,1649874805.2432451,train,0,93,discrete_gestures_user_093_dataset_000.hdf5
1650031376.98888,1650031557.133731,train,0,95,discrete_gestures_user_095_dataset_000.hdf5
1650031557.137046,1650031596.729777,train,0,95,discrete_gestures_user_095_dataset_000.hdf5
1650031252.309033,1650031372.32176,train,0,95,discrete_gestures_user_095_dataset_000.hdf5
1650029733.810463,1650029819.54863,train,0,95,discrete_gestures_user_095_dataset_000.hdf5
1650029916.296058,1650029985.6942568,train,0,95,discrete_gestures_user_095_dataset_000.hdf5
1650029997.427992,1650030063.207915,train,0,95,discrete_gestures_user_095_dataset_000.hdf5
1650030075.58938,1650030142.805534,train,0,95,discrete_gestures_user_095_dataset_000.hdf5
1650030353.386597,1650030450.712211,train,0,95,discrete_gestures_user_095_dataset_000.hdf5
1650030480.0964491,1650030577.558612,train,0,95,discrete_gestures_user_095_dataset_000.hdf5
1650030609.792279,1650030704.356016,train,0,95,discrete_gestures_user_095_dataset_000.hdf5
1650030885.562574,1650031242.320524,train,0,95,discrete_gestures_user_095_dataset_000.hdf5
1650481524.860635,1650481704.865788,train,0,38,discrete_gestures_user_038_dataset_000.hdf5
1650481704.869015,1650481744.251214,train,0,38,discrete_gestures_user_038_dataset_000.hdf5
1650481401.664421,1650481521.680627,train,0,38,discrete_gestures_user_038_dataset_000.hdf5
1650479991.277688,1650480076.852182,train,0,38,discrete_gestures_user_038_dataset_000.hdf5
1650480180.462348,1650480248.102957,train,0,38,discrete_gestures_user_038_dataset_000.hdf5
1650480259.03549,1650480325.653931,train,0,38,discrete_gestures_user_038_dataset_000.hdf5
1650480337.741528,1650480403.3030632,train,0,38,discrete_gestures_user_038_dataset_000.hdf5
1650480603.068701,1650480700.621467,train,0,38,discrete_gestures_user_038_dataset_000.hdf5
1650480728.458301,1650480825.571222,train,0,38,discrete_gestures_user_038_dataset_000.hdf5
1650480855.442171,1650480952.655596,train,0,38,discrete_gestures_user_038_dataset_000.hdf5
1650481113.338499,1650481395.359627,train,0,38,discrete_gestures_user_038_dataset_000.hdf5
1633466974.750028,1633467155.436176,val,0,35,discrete_gestures_user_035_dataset_000.hdf5
1633466797.484337,1633466849.564288,val,0,35,discrete_gestures_user_035_dataset_000.hdf5
1633466852.104104,1633466972.12081,val,0,35,discrete_gestures_user_035_dataset_000.hdf5
1633465598.117441,1633465763.554334,val,0,35,discrete_gestures_user_035_dataset_000.hdf5
1633465425.596412,1633465595.012921,val,0,35,discrete_gestures_user_035_dataset_000.hdf5
1633465256.65246,1633465422.768608,val,0,35,discrete_gestures_user_035_dataset_000.hdf5
1633465768.42991,1633465934.419588,val,0,35,discrete_gestures_user_035_dataset_000.hdf5
1633465954.932069,1633466091.216271,val,0,35,discrete_gestures_user_035_dataset_000.hdf5
1633466151.258668,1633466219.679343,val,0,35,discrete_gestures_user_035_dataset_000.hdf5
1633466223.4217558,1633466288.6029718,val,0,35,discrete_gestures_user_035_dataset_000.hdf5
1633466291.34542,1633466358.949685,val,0,35,discrete_gestures_user_035_dataset_000.hdf5
1633466424.08004,1633466594.678772,val,0,35,discrete_gestures_user_035_dataset_000.hdf5
1633466610.274696,1633466778.719365,val,0,35,discrete_gestures_user_035_dataset_000.hdf5
1643818387.760283,1643818567.77016,val,0,32,discrete_gestures_user_032_dataset_000.hdf5
1643818206.077057,1643818255.853766,val,0,32,discrete_gestures_user_032_dataset_000.hdf5
1643818264.110372,1643818384.120564,val,0,32,discrete_gestures_user_032_dataset_000.hdf5
1643816952.083926,1643817123.3969483,val,0,32,discrete_gestures_user_032_dataset_000.hdf5
1643816783.799698,1643816946.078172,val,0,32,discrete_gestures_user_032_dataset_000.hdf5
1643816430.331276,1643816595.027495,val,0,32,discrete_gestures_user_032_dataset_000.hdf5
1643816606.832092,1643816773.527899,val,0,32,discrete_gestures_user_032_dataset_000.hdf5
1643817137.485207,1643817273.147286,val,0,32,discrete_gestures_user_032_dataset_000.hdf5
1643817318.552732,1643817387.164188,val,0,32,discrete_gestures_user_032_dataset_000.hdf5
1643817400.486684,1643817466.814949,val,0,32,discrete_gestures_user_032_dataset_000.hdf5
1643817473.353763,1643817540.432557,val,0,32,discrete_gestures_user_032_dataset_000.hdf5
1643817837.822558,1643818009.051641,val,0,32,discrete_gestures_user_032_dataset_000.hdf5
1643818018.856408,1643818189.00257,val,0,32,discrete_gestures_user_032_dataset_000.hdf5
1643832909.313782,1643833089.324939,val,0,97,discrete_gestures_user_097_dataset_000.hdf5
1643832725.688533,1643832777.08316,val,0,97,discrete_gestures_user_097_dataset_000.hdf5
1643832782.947239,1643832902.957527,val,0,97,discrete_gestures_user_097_dataset_000.hdf5
1643830571.520777,1643830734.027003,val,0,97,discrete_gestures_user_097_dataset_000.hdf5
1643830916.556661,1643831078.861714,val,0,97,discrete_gestures_user_097_dataset_000.hdf5
1643831092.741271,1643831261.630426,val,0,97,discrete_gestures_user_097_dataset_000.hdf5
1643830744.521993,1643830908.6269257,val,0,97,discrete_gestures_user_097_dataset_000.hdf5
1643831338.161028,1643831475.1315567,val,0,97,discrete_gestures_user_097_dataset_000.hdf5
1643831573.544649,1643831643.149159,val,0,97,discrete_gestures_user_097_dataset_000.hdf5
1643831650.495324,1643831717.032943,val,0,97,discrete_gestures_user_097_dataset_000.hdf5
1643831726.3457909,1643831794.432581,val,0,97,discrete_gestures_user_097_dataset_000.hdf5
1643832246.573276,1643832419.566217,val,0,97,discrete_gestures_user_097_dataset_000.hdf5
1643832485.828137,1643832653.71578,val,0,97,discrete_gestures_user_097_dataset_000.hdf5
1644246341.356597,1644246521.35526,val,0,40,discrete_gestures_user_040_dataset_000.hdf5
1644246157.437952,1644246210.313884,val,0,40,discrete_gestures_user_040_dataset_000.hdf5
1644246213.320256,1644246333.330253,val,0,40,discrete_gestures_user_040_dataset_000.hdf5
1644244209.023093,1644244378.409593,val,0,40,discrete_gestures_user_040_dataset_000.hdf5
1644244034.4459252,1644244201.676661,val,0,40,discrete_gestures_user_040_dataset_000.hdf5
1644244401.312682,1644244566.084832,val,0,40,discrete_gestures_user_040_dataset_000.hdf5
1644244577.47726,1644244745.999455,val,0,40,discrete_gestures_user_040_dataset_000.hdf5
1644244784.759679,1644244925.9469976,val,0,40,discrete_gestures_user_040_dataset_000.hdf5
1644245017.303816,1644245082.610115,val,0,40,discrete_gestures_user_040_dataset_000.hdf5
1644245096.108811,1644245164.438894,val,0,40,discrete_gestures_user_040_dataset_000.hdf5
1644245173.135092,1644245239.539014,val,0,40,discrete_gestures_user_040_dataset_000.hdf5
1644245679.620502,1644245851.599825,val,0,40,discrete_gestures_user_040_dataset_000.hdf5
1644245911.53923,1644246085.577354,val,0,40,discrete_gestures_user_040_dataset_000.hdf5
1645040986.610104,1645041166.605731,val,0,24,discrete_gestures_user_024_dataset_000.hdf5
1645041166.615315,1645041206.191215,val,0,24,discrete_gestures_user_024_dataset_000.hdf5
1645040849.656821,1645040969.867852,val,0,24,discrete_gestures_user_024_dataset_000.hdf5
1645039284.79422,1645039373.986387,val,0,24,discrete_gestures_user_024_dataset_000.hdf5
1645039475.509117,1645039541.343998,val,0,24,discrete_gestures_user_024_dataset_000.hdf5
1645039555.222666,1645039622.822816,val,0,24,discrete_gestures_user_024_dataset_000.hdf5
1645039633.201366,1645039700.719039,val,0,24,discrete_gestures_user_024_dataset_000.hdf5
1645039931.603718,1645040026.760411,val,0,24,discrete_gestures_user_024_dataset_000.hdf5
1645040056.998301,1645040149.78666,val,0,24,discrete_gestures_user_024_dataset_000.hdf5
1645040188.113593,1645040282.763812,val,0,24,discrete_gestures_user_024_dataset_000.hdf5
1645040461.558314,1645040846.833371,val,0,24,discrete_gestures_user_024_dataset_000.hdf5
1646247192.866882,1646247372.853606,val,0,78,discrete_gestures_user_078_dataset_000.hdf5
1646247372.858441,1646247412.36312,val,0,78,discrete_gestures_user_078_dataset_000.hdf5
1646247005.012769,1646247125.033275,val,0,78,discrete_gestures_user_078_dataset_000.hdf5
1646245555.459001,1646245642.423717,val,0,78,discrete_gestures_user_078_dataset_000.hdf5
1646245746.7309687,1646245815.801247,val,0,78,discrete_gestures_user_078_dataset_000.hdf5
1646245828.148363,1646245896.548585,val,0,78,discrete_gestures_user_078_dataset_000.hdf5
1646245917.2025473,1646245983.046362,val,0,78,discrete_gestures_user_078_dataset_000.hdf5
1646246196.434481,1646246294.150749,val,0,78,discrete_gestures_user_078_dataset_000.hdf5
1646246326.469235,1646246423.762746,val,0,78,discrete_gestures_user_078_dataset_000.hdf5
1646246455.453652,1646246552.358263,val,0,78,discrete_gestures_user_078_dataset_000.hdf5
1646246716.889681,1646247000.420557,val,0,78,discrete_gestures_user_078_dataset_000.hdf5
1646839205.110609,1646839385.110233,val,0,48,discrete_gestures_user_048_dataset_000.hdf5
1646839385.12494,1646839424.999069,val,0,48,discrete_gestures_user_048_dataset_000.hdf5
1646839077.0941749,1646839197.115145,val,0,48,discrete_gestures_user_048_dataset_000.hdf5
1646838002.9607801,1646838083.7633758,val,0,48,discrete_gestures_user_048_dataset_000.hdf5
1646838126.026492,1646838198.176938,val,0,48,discrete_gestures_user_048_dataset_000.hdf5
1646838204.258805,1646838273.372813,val,0,48,discrete_gestures_user_048_dataset_000.hdf5
1646838278.997855,1646838345.120975,val,0,48,discrete_gestures_user_048_dataset_000.hdf5
1646838472.904451,1646838568.860966,val,0,48,discrete_gestures_user_048_dataset_000.hdf5
1646838588.539266,1646838682.890342,val,0,48,discrete_gestures_user_048_dataset_000.hdf5
1646838697.622419,1646838792.785261,val,0,48,discrete_gestures_user_048_dataset_000.hdf5
1646838920.313907,1646839075.400543,val,0,48,discrete_gestures_user_048_dataset_000.hdf5
1647351585.135629,1647351765.125172,val,0,94,discrete_gestures_user_094_dataset_000.hdf5
1647351765.1451688,1647351804.467415,val,0,94,discrete_gestures_user_094_dataset_000.hdf5
1647351447.671555,1647351567.671375,val,0,94,discrete_gestures_user_094_dataset_000.hdf5
1647349587.243934,1647349678.582913,val,0,94,discrete_gestures_user_094_dataset_000.hdf5
1647349788.605708,1647349852.914241,val,0,94,discrete_gestures_user_094_dataset_000.hdf5
1647349869.677257,1647349938.343923,val,0,94,discrete_gestures_user_094_dataset_000.hdf5
1647349952.259235,1647350018.990068,val,0,94,discrete_gestures_user_094_dataset_000.hdf5
1647350315.886132,1647350412.852803,val,0,94,discrete_gestures_user_094_dataset_000.hdf5
1647350437.251496,1647350533.429858,val,0,94,discrete_gestures_user_094_dataset_000.hdf5
1647350562.300832,1647350659.00745,val,0,94,discrete_gestures_user_094_dataset_000.hdf5
1647350833.60065,1647351430.3461719,val,0,94,discrete_gestures_user_094_dataset_000.hdf5
1647444408.842682,1647444588.849395,val,0,54,discrete_gestures_user_054_dataset_000.hdf5
1647444588.852711,1647444628.461926,val,0,54,discrete_gestures_user_054_dataset_000.hdf5
1647444284.139341,1647444404.150893,val,0,54,discrete_gestures_user_054_dataset_000.hdf5
1647442872.140164,1647442955.785661,val,0,54,discrete_gestures_user_054_dataset_000.hdf5
1647443048.310316,1647443116.245637,val,0,54,discrete_gestures_user_054_dataset_000.hdf5
1647443129.5114439,1647443196.660363,val,0,54,discrete_gestures_user_054_dataset_000.hdf5
1647443201.528698,1647443281.024394,val,0,54,discrete_gestures_user_054_dataset_000.hdf5
1647443493.725395,1647443591.781992,val,0,54,discrete_gestures_user_054_dataset_000.hdf5
1647443609.673854,1647443709.028506,val,0,54,discrete_gestures_user_054_dataset_000.hdf5
1647443734.845484,1647443830.537094,val,0,54,discrete_gestures_user_054_dataset_000.hdf5
1647443976.916131,1647444274.3205209,val,0,54,discrete_gestures_user_054_dataset_000.hdf5
1649942809.294188,1649942989.271207,val,0,50,discrete_gestures_user_050_dataset_000.hdf5
1649942989.279103,1649943028.721933,val,0,50,discrete_gestures_user_050_dataset_000.hdf5
1649942683.327467,1649942803.34881,val,0,50,discrete_gestures_user_050_dataset_000.hdf5
1649941074.093014,1649941158.677328,val,0,50,discrete_gestures_user_050_dataset_000.hdf5
1649941249.332846,1649941320.413153,val,0,50,discrete_gestures_user_050_dataset_000.hdf5
1649941350.083196,1649941417.889488,val,0,50,discrete_gestures_user_050_dataset_000.hdf5
1649941423.5778172,1649941493.141986,val,0,50,discrete_gestures_user_050_dataset_000.hdf5
1649941763.482312,1649941860.162434,val,0,50,discrete_gestures_user_050_dataset_000.hdf5
1649941882.666598,1649941980.44597,val,0,50,discrete_gestures_user_050_dataset_000.hdf5
1649942008.951369,1649942106.614874,val,0,50,discrete_gestures_user_050_dataset_000.hdf5
1649942282.628049,1649942678.921776,val,0,50,discrete_gestures_user_050_dataset_000.hdf5
1633017385.77766,1633017566.046355,test,0,0,discrete_gestures_user_000_dataset_000.hdf5
1633017194.4696813,1633017243.113203,test,0,0,discrete_gestures_user_000_dataset_000.hdf5
1633017254.469141,1633017374.490284,test,0,0,discrete_gestures_user_000_dataset_000.hdf5
1633015432.145938,1633015596.64135,test,0,0,discrete_gestures_user_000_dataset_000.hdf5
1633015610.760472,1633015773.196897,test,0,0,discrete_gestures_user_000_dataset_000.hdf5
1633015786.310111,1633015955.368468,test,0,0,discrete_gestures_user_000_dataset_000.hdf5
1633015189.478851,1633015353.368777,test,0,0,discrete_gestures_user_000_dataset_000.hdf5
1633016006.761803,1633016143.749974,test,0,0,discrete_gestures_user_000_dataset_000.hdf5
1633016255.064349,1633016323.448899,test,0,0,discrete_gestures_user_000_dataset_000.hdf5
1633016333.4509382,1633016403.318352,test,0,0,discrete_gestures_user_000_dataset_000.hdf5
1633016415.540236,1633016481.920936,test,0,0,discrete_gestures_user_000_dataset_000.hdf5
1633016954.206962,1633017126.109958,test,0,0,discrete_gestures_user_000_dataset_000.hdf5
1633016712.249393,1633016881.021186,test,0,0,discrete_gestures_user_000_dataset_000.hdf5
1633976592.9886947,1633976785.927898,test,0,6,discrete_gestures_user_006_dataset_000.hdf5
1633976405.025248,1633976457.449354,test,0,6,discrete_gestures_user_006_dataset_000.hdf5
1633976469.387829,1633976589.400182,test,0,6,discrete_gestures_user_006_dataset_000.hdf5
1633974661.86795,1633974825.742629,test,0,6,discrete_gestures_user_006_dataset_000.hdf5
1633974484.043647,1633974644.403384,test,0,6,discrete_gestures_user_006_dataset_000.hdf5
1633974849.798302,1633975013.984916,test,0,6,discrete_gestures_user_006_dataset_000.hdf5
1633974304.094755,1633974468.208736,test,0,6,discrete_gestures_user_006_dataset_000.hdf5
1633975072.927261,1633975208.795486,test,0,6,discrete_gestures_user_006_dataset_000.hdf5
1633975291.733553,1633975360.733092,test,0,6,discrete_gestures_user_006_dataset_000.hdf5
1633975373.894795,1633975440.7634282,test,0,6,discrete_gestures_user_006_dataset_000.hdf5
1633975457.015766,1633975521.938035,test,0,6,discrete_gestures_user_006_dataset_000.hdf5
1633976171.494673,1633976338.0697176,test,0,6,discrete_gestures_user_006_dataset_000.hdf5
1633975930.822289,1633976099.318642,test,0,6,discrete_gestures_user_006_dataset_000.hdf5
1633977130.581038,1633977311.043866,test,0,4,discrete_gestures_user_004_dataset_000.hdf5
1633976938.384845,1633976992.852251,test,0,4,discrete_gestures_user_004_dataset_000.hdf5
1633977005.137296,1633977125.144035,test,0,4,discrete_gestures_user_004_dataset_000.hdf5
1633974776.492966,1633974941.744938,test,0,4,discrete_gestures_user_004_dataset_000.hdf5
1633974957.50564,1633975123.697261,test,0,4,discrete_gestures_user_004_dataset_000.hdf5
1633975135.34731,1633975301.42975,test,0,4,discrete_gestures_user_004_dataset_000.hdf5
1633975316.331676,1633975482.213578,test,0,4,discrete_gestures_user_004_dataset_000.hdf5
1633975531.02494,1633975667.616625,test,0,4,discrete_gestures_user_004_dataset_000.hdf5
1633975761.525368,1633975831.790594,test,0,4,discrete_gestures_user_004_dataset_000.hdf5
1633975841.021618,1633975907.312536,test,0,4,discrete_gestures_user_004_dataset_000.hdf5
1633975919.947038,1633975988.379765,test,0,4,discrete_gestures_user_004_dataset_000.hdf5
1633976414.901655,1633976582.134426,test,0,4,discrete_gestures_user_004_dataset_000.hdf5
1633976644.087808,1633976814.224944,test,0,4,discrete_gestures_user_004_dataset_000.hdf5
1634054147.748458,1634054327.903508,test,0,2,discrete_gestures_user_002_dataset_000.hdf5
1634053968.781979,1634054018.2323678,test,0,2,discrete_gestures_user_002_dataset_000.hdf5
1634054022.335888,1634054142.33938,test,0,2,discrete_gestures_user_002_dataset_000.hdf5
1634051788.822377,1634051953.254525,test,0,2,discrete_gestures_user_002_dataset_000.hdf5
1634052303.6642072,1634052471.660585,test,0,2,discrete_gestures_user_002_dataset_000.hdf5
1634051958.705282,1634052128.179899,test,0,2,discrete_gestures_user_002_dataset_000.hdf5
1634052131.984799,1634052297.871427,test,0,2,discrete_gestures_user_002_dataset_000.hdf5
1634052515.154777,1634052654.043958,test,0,2,discrete_gestures_user_002_dataset_000.hdf5
1634052734.360805,1634052802.727459,test,0,2,discrete_gestures_user_002_dataset_000.hdf5
1634052806.5661697,1634052874.281312,test,0,2,discrete_gestures_user_002_dataset_000.hdf5
1634052878.299174,1634052943.703702,test,0,2,discrete_gestures_user_002_dataset_000.hdf5
1634053724.693123,1634053898.431367,test,0,2,discrete_gestures_user_002_dataset_000.hdf5
1634053349.156878,1634053519.066326,test,0,2,discrete_gestures_user_002_dataset_000.hdf5
1645541256.037354,1645541436.032642,test,0,7,discrete_gestures_user_007_dataset_000.hdf5
1645541436.04141,1645541475.774268,test,0,7,discrete_gestures_user_007_dataset_000.hdf5
1645541129.359826,1645541249.373703,test,0,7,discrete_gestures_user_007_dataset_000.hdf5
1645539583.310705,1645539667.355973,test,0,7,discrete_gestures_user_007_dataset_000.hdf5
1645539778.175508,1645539847.447814,test,0,7,discrete_gestures_user_007_dataset_000.hdf5
1645539859.3896823,1645539928.777204,test,0,7,discrete_gestures_user_007_dataset_000.hdf5
1645539943.045723,1645540008.675017,test,0,7,discrete_gestures_user_007_dataset_000.hdf5
1645540218.496003,1645540315.445928,test,0,7,discrete_gestures_user_007_dataset_000.hdf5
1645540345.191795,1645540440.2237408,test,0,7,discrete_gestures_user_007_dataset_000.hdf5
1645540469.7211862,1645540562.868514,test,0,7,discrete_gestures_user_007_dataset_000.hdf5
1645540735.382416,1645541111.02084,test,0,7,discrete_gestures_user_007_dataset_000.hdf5
1645644835.871088,1645645015.861645,test,0,9,discrete_gestures_user_009_dataset_000.hdf5
1645645015.868489,1645645055.295269,test,0,9,discrete_gestures_user_009_dataset_000.hdf5
1645644709.541283,1645644829.551698,test,0,9,discrete_gestures_user_009_dataset_000.hdf5
1645643167.3849537,1645643251.333931,test,0,9,discrete_gestures_user_009_dataset_000.hdf5
1645643360.243096,1645643428.076094,test,0,9,discrete_gestures_user_009_dataset_000.hdf5
1645643448.821728,1645643514.706598,test,0,9,discrete_gestures_user_009_dataset_000.hdf5
1645643532.873451,1645643599.952175,test,0,9,discrete_gestures_user_009_dataset_000.hdf5
1645643849.248253,1645643948.0721412,test,0,9,discrete_gestures_user_009_dataset_000.hdf5
1645643979.719623,1645644077.584441,test,0,9,discrete_gestures_user_009_dataset_000.hdf5
1645644111.787633,1645644208.213227,test,0,9,discrete_gestures_user_009_dataset_000.hdf5
1645644386.3625898,1645644696.6062813,test,0,9,discrete_gestures_user_009_dataset_000.hdf5
1647524448.206284,1647524628.210276,test,0,5,discrete_gestures_user_005_dataset_000.hdf5
1647524628.215924,1647524667.739514,test,0,5,discrete_gestures_user_005_dataset_000.hdf5
1647524323.308389,1647524443.324251,test,0,5,discrete_gestures_user_005_dataset_000.hdf5
1647522986.653523,1647523072.051819,test,0,5,discrete_gestures_user_005_dataset_000.hdf5
1647523164.8528209,1647523232.973575,test,0,5,discrete_gestures_user_005_dataset_000.hdf5
1647523247.5732,1647523315.248873,test,0,5,discrete_gestures_user_005_dataset_000.hdf5
1647523326.132618,1647523394.443581,test,0,5,discrete_gestures_user_005_dataset_000.hdf5
1647523612.047359,1647523707.390527,test,0,5,discrete_gestures_user_005_dataset_000.hdf5
1647523732.604028,1647523827.855976,test,0,5,discrete_gestures_user_005_dataset_000.hdf5
1647523856.718543,1647523951.869291,test,0,5,discrete_gestures_user_005_dataset_000.hdf5
1647524122.86061,1647524310.3979108,test,0,5,discrete_gestures_user_005_dataset_000.hdf5
1648502045.2003598,1648502225.219159,test,0,3,discrete_gestures_user_003_dataset_000.hdf5
1648502225.2234,1648502264.684446,test,0,3,discrete_gestures_user_003_dataset_000.hdf5
1648501922.597041,1648502042.627062,test,0,3,discrete_gestures_user_003_dataset_000.hdf5
1648500818.251989,1648500903.430347,test,0,3,discrete_gestures_user_003_dataset_000.hdf5
1648500945.757252,1648501008.833268,test,0,3,discrete_gestures_user_003_dataset_000.hdf5
1648501015.406829,1648501082.4531,test,0,3,discrete_gestures_user_003_dataset_000.hdf5
1648501090.442083,1648501159.772197,test,0,3,discrete_gestures_user_003_dataset_000.hdf5
1648501296.375797,1648501393.778635,test,0,3,discrete_gestures_user_003_dataset_000.hdf5
1648501407.804126,1648501504.428565,test,0,3,discrete_gestures_user_003_dataset_000.hdf5
1648501516.16984,1648501612.3481832,test,0,3,discrete_gestures_user_003_dataset_000.hdf5
1648501745.947719,1648501920.792566,test,0,3,discrete_gestures_user_003_dataset_000.hdf5
1649270219.168156,1649270399.179029,test,0,1,discrete_gestures_user_001_dataset_000.hdf5
1649270399.183057,1649270438.918437,test,0,1,discrete_gestures_user_001_dataset_000.hdf5
1649270055.882386,1649270175.907622,test,0,1,discrete_gestures_user_001_dataset_000.hdf5
1649268720.962196,1649268802.770122,test,0,1,discrete_gestures_user_001_dataset_000.hdf5
1649268891.885545,1649268959.652882,test,0,1,discrete_gestures_user_001_dataset_000.hdf5
1649268967.502467,1649269038.502805,test,0,1,discrete_gestures_user_001_dataset_000.hdf5
1649269047.311995,1649269117.970199,test,0,1,discrete_gestures_user_001_dataset_000.hdf5
1649269317.217985,1649269413.857064,test,0,1,discrete_gestures_user_001_dataset_000.hdf5
1649269439.41272,1649269533.935709,test,0,1,discrete_gestures_user_001_dataset_000.hdf5
1649269562.815608,1649269657.403469,test,0,1,discrete_gestures_user_001_dataset_000.hdf5
1649269821.511755,1649270046.047759,test,0,1,discrete_gestures_user_001_dataset_000.hdf5
1649686694.771119,1649686874.971591,test,0,10,discrete_gestures_user_010_dataset_000.hdf5
1649686874.977234,1649686905.60796,test,0,10,discrete_gestures_user_010_dataset_000.hdf5
1649686568.240215,1649686688.260353,test,0,10,discrete_gestures_user_010_dataset_000.hdf5
1649685343.519567,1649685428.600891,test,0,10,discrete_gestures_user_010_dataset_000.hdf5
1649685519.838168,1649685587.365524,test,0,10,discrete_gestures_user_010_dataset_000.hdf5
1649685619.68892,1649685685.198998,test,0,10,discrete_gestures_user_010_dataset_000.hdf5
1649685695.921201,1649685761.13221,test,0,10,discrete_gestures_user_010_dataset_000.hdf5
1649685963.70569,1649686058.100534,test,0,10,discrete_gestures_user_010_dataset_000.hdf5
1649686084.572224,1649686179.965536,test,0,10,discrete_gestures_user_010_dataset_000.hdf5
1649686207.737575,1649686303.366146,test,0,10,discrete_gestures_user_010_dataset_000.hdf5
1649686433.151453,1649686558.9247239,test,0,10,discrete_gestures_user_010_dataset_000.hdf5
